Handle,Title,Image Src,Image Position
curly-tote-bag-boucle,Curly tote bag Boucle,https://cdn.shopify.com/s/files/1/0692/1981/1587/files/RLL24SC8QBE_0.jpg,1
curly-tote-bag-boucle,,https://cdn.shopify.com/s/files/1/0692/1981/1587/files/RLL24SC8QBE_1.jpg,2
curly-tote-bag-boucle,,https://cdn.shopify.com/s/files/1/0692/1981/1587/files/RLL24SC8QBE_2.jpg,3
curly-tote-bag-boucle,,https://cdn.shopify.com/s/files/1/0692/1981/1587/files/RLL24SC8QBE_3.jpg,4
curly-tote-bag-boucle,,https://cdn.shopify.com/s/files/1/0692/1981/1587/files/RLL24SC8QBE_4.jpg,5
curly-tote-bag-boucle,,https://cdn.shopify.com/s/files/1/0692/1981/1587/files/RLL24SC8QBE_5.jpg,6
curly-tote-bag-boucle,,https://cdn.shopify.com/s/files/1/0692/1981/1587/files/RLL24SC8QBE_6.jpg,7
curly-tote-bag-boucle,,https://cdn.shopify.com/s/files/1/0692/1981/1587/files/RLL24SC8QBE_7.jpg,8
curly-tote-bag-boucle,,https://cdn.shopify.com/s/files/1/0692/1981/1587/files/RLL24SC8QBE_8.jpg,9
curly-tote-bag-boucle,,https://cdn.shopify.com/s/files/1/0692/1981/1587/files/RLL24SC8QBE_9.jpg,10
curly-tote-bag-boucle,,https://cdn.shopify.com/s/files/1/0692/1981/1587/files/RLL24SC8QBE_10.jpg,11
curly-tote-bag-boucle,,https://cdn.shopify.com/s/files/1/0692/1981/1587/files/RLL24SC8QBE_11.jpg,12
curly-tote-bag-boucle,,https://cdn.shopify.com/s/files/1/0692/1981/1587/files/RLL24SC8QBE_12.jpg,13
curly-tote-bag-boucle,,https://cdn.shopify.com/s/files/1/0692/1981/1587/files/RLL24SC8QBE_13.jpg,14
curly-tote-bag-boucle,,https://cdn.shopify.com/s/files/1/0692/1981/1587/files/RLL24SC8QGN_0.jpg,15
curly-tote-bag-boucle,,https://cdn.shopify.com/s/files/1/0692/1981/1587/files/RLL24SC8QGN_1.jpg,16
curly-tote-bag-boucle,,https://cdn.shopify.com/s/files/1/0692/1981/1587/files/RLL24SC8QGN_2.jpg,17
curly-tote-bag-boucle,,https://cdn.shopify.com/s/files/1/0692/1981/1587/files/RLL24SC8QGN_3.jpg,18
curly-tote-bag-boucle,,https://cdn.shopify.com/s/files/1/0692/1981/1587/files/RLL24SC8QGN_4.jpg,19
curly-tote-bag-boucle,,https://cdn.shopify.com/s/files/1/0692/1981/1587/files/RLL24SC8QGN_5.jpg,20
curly-tote-bag-boucle,,https://cdn.shopify.com/s/files/1/0692/1981/1587/files/RLL24SC8QGN_6.jpg,21
curly-tote-bag-boucle,,https://cdn.shopify.com/s/files/1/0692/1981/1587/files/RLL24SC8QGN_7.jpg,22
curly-tote-bag-boucle,,https://cdn.shopify.com/s/files/1/0692/1981/1587/files/RLL24SC8QGN_8.jpg,23
curly-tote-bag-boucle,,https://cdn.shopify.com/s/files/1/0692/1981/1587/files/RLL24SC8QGN_9.jpg,24
curly-tote-bag-boucle,,https://cdn.shopify.com/s/files/1/0692/1981/1587/files/RLL24SC8QGN_10.jpg,25
curly-tote-bag-boucle,,https://cdn.shopify.com/s/files/1/0692/1981/1587/files/RLL24SC8QGN_11.jpg,26
curly-tote-bag-boucle,,https://cdn.shopify.com/s/files/1/0692/1981/1587/files/RLL24SC8QGN_12.jpg,27
curly-tote-bag-boucle,,https://cdn.shopify.com/s/files/1/0692/1981/1587/files/RLL24SC8QGN_13.jpg,28
curly-tote-bag,Curly tote bag,https://cdn.shopify.com/s/files/1/0692/1981/1587/files/RLL24SC8SBK_0.jpg,1
curly-tote-bag,,https://cdn.shopify.com/s/files/1/0692/1981/1587/files/RLL24SC8SBK_1.jpg,2
curly-tote-bag,,https://cdn.shopify.com/s/files/1/0692/1981/1587/files/RLL24SC8SBK_2.jpg,3
curly-tote-bag,,https://cdn.shopify.com/s/files/1/0692/1981/1587/files/RLL24SC8SBK_3.jpg,4
curly-tote-bag,,https://cdn.shopify.com/s/files/1/0692/1981/1587/files/RLL24SC8SBK_4.jpg,5
curly-tote-bag,,https://cdn.shopify.com/s/files/1/0692/1981/1587/files/RLL24SC8SBK_5.jpg,6
curly-tote-bag,,https://cdn.shopify.com/s/files/1/0692/1981/1587/files/RLL24SC8SBK_6.jpg,7
curly-tote-bag,,https://cdn.shopify.com/s/files/1/0692/1981/1587/files/RLL24SC8SBK_7.jpg,8
curly-tote-bag,,https://cdn.shopify.com/s/files/1/0692/1981/1587/files/RLL24SC8SBK_8.jpg,9
curly-tote-bag,,https://cdn.shopify.com/s/files/1/0692/1981/1587/files/RLL24SC8SBK_9.jpg,10
curly-tote-bag,,https://cdn.shopify.com/s/files/1/0692/1981/1587/files/RLL24SC8SBK_10.jpg,11
curly-tote-bag,,https://cdn.shopify.com/s/files/1/0692/1981/1587/files/RLL24SC8SBK_11.jpg,12
curly-tote-bag,,https://cdn.shopify.com/s/files/1/0692/1981/1587/files/RLL24SC8SBK_12.jpg,13
curly-tote-bag,,https://cdn.shopify.com/s/files/1/0692/1981/1587/files/RLL24SC8SBK_13.jpg,14
curly-tote-bag,,https://cdn.shopify.com/s/files/1/0692/1981/1587/files/RLL24SC8SBK_14.jpg,15
curly-tote-bag,,https://cdn.shopify.com/s/files/1/0692/1981/1587/files/RLL24SC8SBK_15.jpg,16
curly-tote-bag,,https://cdn.shopify.com/s/files/1/0692/1981/1587/files/RLL24SC8SBK_16.jpg,17
curly-tote-bag,,https://cdn.shopify.com/s/files/1/0692/1981/1587/files/RLL24SC8SBK_17.jpg,18
curly-tote-bag,,https://cdn.shopify.com/s/files/1/0692/1981/1587/files/RLL24SC8SBK_18.jpg,19
curly-tote-bag,,https://cdn.shopify.com/s/files/1/0692/1981/1587/files/RLL24SC8SBK_19.jpg,20
curly-tote-bag,,https://cdn.shopify.com/s/files/1/0692/1981/1587/files/RLL24SC8SBK_20.jpg,21
curly-tote-bag,,https://cdn.shopify.com/s/files/1/0692/1981/1587/files/RLL24SC8SSM_0.jpg,22
curly-tote-bag,,https://cdn.shopify.com/s/files/1/0692/1981/1587/files/RLL24SC8SSM_1.jpg,23
curly-tote-bag,,https://cdn.shopify.com/s/files/1/0692/1981/1587/files/RLL24SC8SSM_2.jpg,24
curly-tote-bag,,https://cdn.shopify.com/s/files/1/0692/1981/1587/files/RLL24SC8SSM_3.jpg,25
curly-tote-bag,,https://cdn.shopify.com/s/files/1/0692/1981/1587/files/RLL24SC8SSM_4.jpg,26
curly-tote-bag,,https://cdn.shopify.com/s/files/1/0692/1981/1587/files/RLL24SC8SSM_5.jpg,27
curly-tote-bag,,https://cdn.shopify.com/s/files/1/0692/1981/1587/files/RLL24SC8SSM_6.jpg,28
curly-tote-bag,,https://cdn.shopify.com/s/files/1/0692/1981/1587/files/RLL24SC8SSM_7.jpg,29
curly-tote-bag,,https://cdn.shopify.com/s/files/1/0692/1981/1587/files/RLL24SC8SSM_8.jpg,30
curly-tote-bag,,https://cdn.shopify.com/s/files/1/0692/1981/1587/files/RLL24SC8SSM_9.jpg,31
curly-tote-bag,,https://cdn.shopify.com/s/files/1/0692/1981/1587/files/RLL24SC8SSM_10.jpg,32
curly-tote-bag,,https://cdn.shopify.com/s/files/1/0692/1981/1587/files/RLL24SC8SSM_11.jpg,33
taco-shoulder-bag,Taco shoulder bag,https://cdn.shopify.com/s/files/1/0692/1981/1587/files/RLL24SC5SBK_0.jpg,1
taco-shoulder-bag,,https://cdn.shopify.com/s/files/1/0692/1981/1587/files/RLL24SC5SBK_1.jpg,2
taco-shoulder-bag,,https://cdn.shopify.com/s/files/1/0692/1981/1587/files/RLL24SC5SBK_2.jpg,3
taco-shoulder-bag,,https://cdn.shopify.com/s/files/1/0692/1981/1587/files/RLL24SC5SBK_3.jpg,4
taco-shoulder-bag,,https://cdn.shopify.com/s/files/1/0692/1981/1587/files/RLL24SC5SBK_4.jpg,5
taco-shoulder-bag,,https://cdn.shopify.com/s/files/1/0692/1981/1587/files/RLL24SC5SBK_5.jpg,6
taco-shoulder-bag,,https://cdn.shopify.com/s/files/1/0692/1981/1587/files/RLL24SC5SBK_6.jpg,7
taco-shoulder-bag,,https://cdn.shopify.com/s/files/1/0692/1981/1587/files/RLL24SC5SBK_7.jpg,8
taco-shoulder-bag,,https://cdn.shopify.com/s/files/1/0692/1981/1587/files/RLL24SC5SBK_8.jpg,9
taco-shoulder-bag,,https://cdn.shopify.com/s/files/1/0692/1981/1587/files/RLL24SC5SBK_9.jpg,10
taco-shoulder-bag,,https://cdn.shopify.com/s/files/1/0692/1981/1587/files/RLL24SC5SBK_10.jpg,11
taco-shoulder-bag,,https://cdn.shopify.com/s/files/1/0692/1981/1587/files/RLL24SC5SBK_11.jpg,12
taco-shoulder-bag,,https://cdn.shopify.com/s/files/1/0692/1981/1587/files/RLL24SC5SBK_12.jpg,13
taco-shoulder-bag,,https://cdn.shopify.com/s/files/1/0692/1981/1587/files/RLL24SC5SBK_13.jpg,14
taco-shoulder-bag,,https://cdn.shopify.com/s/files/1/0692/1981/1587/files/RLL24SC5SBK_14.jpg,15
taco-shoulder-bag,,https://cdn.shopify.com/s/files/1/0692/1981/1587/files/RLL24SC5SBK_15.jpg,16
taco-shoulder-bag,,https://cdn.shopify.com/s/files/1/0692/1981/1587/files/RLL24SC5SBK_16.jpg,17
taco-shoulder-bag,,https://cdn.shopify.com/s/files/1/0692/1981/1587/files/RLL24SC5SBK_17.jpg,18
taco-shoulder-bag,,https://cdn.shopify.com/s/files/1/0692/1981/1587/files/RLL24SC5SBK_18.jpg,19
taco-shoulder-bag,,https://cdn.shopify.com/s/files/1/0692/1981/1587/files/RLL24SC5SBK_19.jpg,20
taco-shoulder-bag,,https://cdn.shopify.com/s/files/1/0692/1981/1587/files/RLL24SC5SBK_20.jpg,21
taco-shoulder-bag,,https://cdn.shopify.com/s/files/1/0692/1981/1587/files/RLL24SC5SBK_21.jpg,22
taco-shoulder-bag,,https://cdn.shopify.com/s/files/1/0692/1981/1587/files/RLL24SC5SBK_22.jpg,23
taco-shoulder-bag,,https://cdn.shopify.com/s/files/1/0692/1981/1587/files/RLL24SC5SBN_0.jpg,24
taco-shoulder-bag,,https://cdn.shopify.com/s/files/1/0692/1981/1587/files/RLL24SC5SBN_1.jpg,25
taco-shoulder-bag,,https://cdn.shopify.com/s/files/1/0692/1981/1587/files/RLL24SC5SBN_2.jpg,26
taco-shoulder-bag,,https://cdn.shopify.com/s/files/1/0692/1981/1587/files/RLL24SC5SBN_3.jpg,27
taco-shoulder-bag,,https://cdn.shopify.com/s/files/1/0692/1981/1587/files/RLL24SC5SBN_4.jpg,28
taco-shoulder-bag,,https://cdn.shopify.com/s/files/1/0692/1981/1587/files/RLL24SC5SBN_5.jpg,29
taco-shoulder-bag,,https://cdn.shopify.com/s/files/1/0692/1981/1587/files/RLL24SC5SBN_6.jpg,30
taco-shoulder-bag,,https://cdn.shopify.com/s/files/1/0692/1981/1587/files/RLL24SC5SBN_7.jpg,31
taco-shoulder-bag,,https://cdn.shopify.com/s/files/1/0692/1981/1587/files/RLL24SC5SBN_8.jpg,32
taco-shoulder-bag,,https://cdn.shopify.com/s/files/1/0692/1981/1587/files/RLL24SC5SBN_9.jpg,33
taco-shoulder-bag,,https://cdn.shopify.com/s/files/1/0692/1981/1587/files/RLL24SC5SBN_10.jpg,34
taco-shoulder-bag,,https://cdn.shopify.com/s/files/1/0692/1981/1587/files/RLL24SC5SBN_11.jpg,35
taco-shoulder-bag,,https://cdn.shopify.com/s/files/1/0692/1981/1587/files/RLL24SC5SBN_12.jpg,36
taco-shoulder-bag,,https://cdn.shopify.com/s/files/1/0692/1981/1587/files/RLL24SC5SBN_13.jpg,37
taco-shoulder-bag,,https://cdn.shopify.com/s/files/1/0692/1981/1587/files/RLL24SC5SBN_14.jpg,38
taco-shoulder-bag,,https://cdn.shopify.com/s/files/1/0692/1981/1587/files/RLL24SC5SBN_15.jpg,39
taco-shoulder-bag,,https://cdn.shopify.com/s/files/1/0692/1981/1587/files/RLL24SC5SBN_16.jpg,40
taco-shoulder-bag,,https://cdn.shopify.com/s/files/1/0692/1981/1587/files/RLL24SC5SBN_17.jpg,41
taco-shoulder-bag,,https://cdn.shopify.com/s/files/1/0692/1981/1587/files/RLL24SC5SBN_18.jpg,42
taco-shoulder-bag,,https://cdn.shopify.com/s/files/1/0692/1981/1587/files/RLL24SC5SBN_19.jpg,43
taco-shoulder-bag,,https://cdn.shopify.com/s/files/1/0692/1981/1587/files/RLL24SC5SBN_20.jpg,44
taco-shoulder-bag,,https://cdn.shopify.com/s/files/1/0692/1981/1587/files/RLL24SC5SIV_0.jpg,45
taco-shoulder-bag,,https://cdn.shopify.com/s/files/1/0692/1981/1587/files/RLL24SC5SIV_1.jpg,46
taco-shoulder-bag,,https://cdn.shopify.com/s/files/1/0692/1981/1587/files/RLL24SC5SIV_2.jpg,47
taco-shoulder-bag,,https://cdn.shopify.com/s/files/1/0692/1981/1587/files/RLL24SC5SIV_3.jpg,48
taco-shoulder-bag,,https://cdn.shopify.com/s/files/1/0692/1981/1587/files/RLL24SC5SIV_4.jpg,49
taco-shoulder-bag,,https://cdn.shopify.com/s/files/1/0692/1981/1587/files/RLL24SC5SIV_5.jpg,50
taco-shoulder-bag,,https://cdn.shopify.com/s/files/1/0692/1981/1587/files/RLL24SC5SIV_6.jpg,51
taco-shoulder-bag,,https://cdn.shopify.com/s/files/1/0692/1981/1587/files/RLL24SC5SIV_7.jpg,52
taco-shoulder-bag,,https://cdn.shopify.com/s/files/1/0692/1981/1587/files/RLL24SC5SIV_8.jpg,53
taco-shoulder-bag,,https://cdn.shopify.com/s/files/1/0692/1981/1587/files/RLL24SC5SIV_9.jpg,54
taco-shoulder-bag,,https://cdn.shopify.com/s/files/1/0692/1981/1587/files/RLL24SC5SIV_10.jpg,55
taco-shoulder-bag,,https://cdn.shopify.com/s/files/1/0692/1981/1587/files/RLL24SC5SIV_11.jpg,56
taco-shoulder-bag,,https://cdn.shopify.com/s/files/1/0692/1981/1587/files/RLL24SC5SIV_12.jpg,57
taco-shoulder-bag,,https://cdn.shopify.com/s/files/1/0692/1981/1587/files/RLL24SC5SIV_13.jpg,58
block-tote-bag,Block tote bag,https://cdn.shopify.com/s/files/1/0692/1981/1587/files/RLL24SE1SBK_0.jpg,1
block-tote-bag,,https://cdn.shopify.com/s/files/1/0692/1981/1587/files/RLL24SE1SBK_1.jpg,2
block-tote-bag,,https://cdn.shopify.com/s/files/1/0692/1981/1587/files/RLL24SE1SBK_2.jpg,3
block-tote-bag,,https://cdn.shopify.com/s/files/1/0692/1981/1587/files/RLL24SE1SBK_3.jpg,4
block-tote-bag,,https://cdn.shopify.com/s/files/1/0692/1981/1587/files/RLL24SE1SBK_4.jpg,5
block-tote-bag,,https://cdn.shopify.com/s/files/1/0692/1981/1587/files/RLL24SE1SBK_5.jpg,6
block-tote-bag,,https://cdn.shopify.com/s/files/1/0692/1981/1587/files/RLL24SE1SBK_6.jpg,7
block-tote-bag,,https://cdn.shopify.com/s/files/1/0692/1981/1587/files/RLL24SE1SBK_7.jpg,8
block-tote-bag,,https://cdn.shopify.com/s/files/1/0692/1981/1587/files/RLL24SE1SBK_8.jpg,9
block-tote-bag,,https://cdn.shopify.com/s/files/1/0692/1981/1587/files/RLL24SE1SBK_9.jpg,10
block-tote-bag,,https://cdn.shopify.com/s/files/1/0692/1981/1587/files/RLL24SE1SBK_10.jpg,11
block-tote-bag,,https://cdn.shopify.com/s/files/1/0692/1981/1587/files/RLL24SE1SBK_11.jpg,12
block-tote-bag,,https://cdn.shopify.com/s/files/1/0692/1981/1587/files/RLL24SE1SBK_12.jpg,13
block-tote-bag,,https://cdn.shopify.com/s/files/1/0692/1981/1587/files/RLL24SE1SBK_13.jpg,14
block-tote-bag,,https://cdn.shopify.com/s/files/1/0692/1981/1587/files/RLL24SE1SBK_14.jpg,15
block-tote-bag,,https://cdn.shopify.com/s/files/1/0692/1981/1587/files/RLL24SE1SBK_15.jpg,16
mini-pulpy-hobo-bag-suede,Mini pulpy hobo bag Suede,https://cdn.shopify.com/s/files/1/0692/1981/1587/files/RLL24SC7UBE_0.jpg,1
mini-pulpy-hobo-bag-suede,,https://cdn.shopify.com/s/files/1/0692/1981/1587/files/RLL24SC7UBE_1.jpg,2
mini-pulpy-hobo-bag-suede,,https://cdn.shopify.com/s/files/1/0692/1981/1587/files/RLL24SC7UBE_2.jpg,3
mini-pulpy-hobo-bag-suede,,https://cdn.shopify.com/s/files/1/0692/1981/1587/files/RLL24SC7UBE_3.jpg,4
mini-pulpy-hobo-bag-suede,,https://cdn.shopify.com/s/files/1/0692/1981/1587/files/RLL24SC7UBE_4.jpg,5
mini-pulpy-hobo-bag-suede,,https://cdn.shopify.com/s/files/1/0692/1981/1587/files/RLL24SC7UBE_5.jpg,6
mini-pulpy-hobo-bag-suede,,https://cdn.shopify.com/s/files/1/0692/1981/1587/files/RLL24SC7UBE_6.jpg,7
mini-pulpy-hobo-bag-suede,,https://cdn.shopify.com/s/files/1/0692/1981/1587/files/RLL24SC7UBE_7.jpg,8
mini-pulpy-hobo-bag-suede,,https://cdn.shopify.com/s/files/1/0692/1981/1587/files/RLL24SC7UBE_8.jpg,9
mini-pulpy-hobo-bag-suede,,https://cdn.shopify.com/s/files/1/0692/1981/1587/files/RLL24SC7UBE_9.jpg,10
mini-pulpy-hobo-bag-suede,,https://cdn.shopify.com/s/files/1/0692/1981/1587/files/RLL24SC7UBE_10.jpg,11
mini-pulpy-hobo-bag-suede,,https://cdn.shopify.com/s/files/1/0692/1981/1587/files/RLL24SC7UBE_11.jpg,12
mini-pulpy-hobo-bag-suede,,https://cdn.shopify.com/s/files/1/0692/1981/1587/files/RLL24SC7UBE_12.jpg,13
mini-pulpy-hobo-bag-suede,,https://cdn.shopify.com/s/files/1/0692/1981/1587/files/RLL24SC7UBE_13.jpg,14
mini-pulpy-hobo-bag-nylon,Mini pulpy hobo bag Nylon,https://cdn.shopify.com/s/files/1/0692/1981/1587/files/RLL24SC7NBK_0.jpg,1
mini-pulpy-hobo-bag-nylon,,https://cdn.shopify.com/s/files/1/0692/1981/1587/files/RLL24SC7NBK_1.jpg,2
mini-pulpy-hobo-bag-nylon,,https://cdn.shopify.com/s/files/1/0692/1981/1587/files/RLL24SC7NBK_2.jpg,3
mini-pulpy-hobo-bag-nylon,,https://cdn.shopify.com/s/files/1/0692/1981/1587/files/RLL24SC7NBK_3.jpg,4
mini-pulpy-hobo-bag-nylon,,https://cdn.shopify.com/s/files/1/0692/1981/1587/files/RLL24SC7NBK_4.jpg,5
mini-pulpy-hobo-bag-nylon,,https://cdn.shopify.com/s/files/1/0692/1981/1587/files/RLL24SC7NBK_5.jpg,6
mini-pulpy-hobo-bag-nylon,,https://cdn.shopify.com/s/files/1/0692/1981/1587/files/RLL24SC7NBK_6.jpg,7
mini-pulpy-hobo-bag-nylon,,https://cdn.shopify.com/s/files/1/0692/1981/1587/files/RLL24SC7NBK_7.jpg,8
mini-pulpy-hobo-bag-nylon,,https://cdn.shopify.com/s/files/1/0692/1981/1587/files/RLL24SC7NBK_8.jpg,9
mini-pulpy-hobo-bag-nylon,,https://cdn.shopify.com/s/files/1/0692/1981/1587/files/RLL24SC7NBK_9.jpg,10
mini-pulpy-hobo-bag-nylon,,https://cdn.shopify.com/s/files/1/0692/1981/1587/files/RLL24SC7NBK_10.jpg,11
mini-pulpy-hobo-bag-nylon,,https://cdn.shopify.com/s/files/1/0692/1981/1587/files/RLL24SC7NBK_11.jpg,12
mini-pulpy-hobo-bag-nylon,,https://cdn.shopify.com/s/files/1/0692/1981/1587/files/RLL24SC7NBK_12.jpg,13
mini-pulpy-hobo-bag-nylon,,https://cdn.shopify.com/s/files/1/0692/1981/1587/files/RLL24SC7NBK_13.jpg,14
mini-pulpy-hobo-bag-nylon,,https://cdn.shopify.com/s/files/1/0692/1981/1587/files/RLL24SC7NIV_0.jpg,15
mini-pulpy-hobo-bag-nylon,,https://cdn.shopify.com/s/files/1/0692/1981/1587/files/RLL24SC7NIV_1.jpg,16
mini-pulpy-hobo-bag-nylon,,https://cdn.shopify.com/s/files/1/0692/1981/1587/files/RLL24SC7NIV_2.jpg,17
mini-pulpy-hobo-bag-nylon,,https://cdn.shopify.com/s/files/1/0692/1981/1587/files/RLL24SC7NIV_3.jpg,18
mini-pulpy-hobo-bag-nylon,,https://cdn.shopify.com/s/files/1/0692/1981/1587/files/RLL24SC7NIV_4.jpg,19
mini-pulpy-hobo-bag-nylon,,https://cdn.shopify.com/s/files/1/0692/1981/1587/files/RLL24SC7NIV_5.jpg,20
mini-pulpy-hobo-bag-nylon,,https://cdn.shopify.com/s/files/1/0692/1981/1587/files/RLL24SC7NIV_6.jpg,21
mini-pulpy-hobo-bag-nylon,,https://cdn.shopify.com/s/files/1/0692/1981/1587/files/RLL24SC7NIV_7.jpg,22
mini-pulpy-hobo-bag-nylon,,https://cdn.shopify.com/s/files/1/0692/1981/1587/files/RLL24SC7NIV_8.jpg,23
mini-pulpy-hobo-bag-nylon,,https://cdn.shopify.com/s/files/1/0692/1981/1587/files/RLL24SC7NIV_9.jpg,24
mini-pulpy-hobo-bag-nylon,,https://cdn.shopify.com/s/files/1/0692/1981/1587/files/RLL24SC7NIV_10.jpg,25
mini-pulpy-hobo-bag-nylon,,https://cdn.shopify.com/s/files/1/0692/1981/1587/files/RLL24SC7NIV_11.jpg,26
mini-pulpy-hobo-bag-nylon,,https://cdn.shopify.com/s/files/1/0692/1981/1587/files/RLL24SC7NIV_12.jpg,27
mini-pulpy-hobo-bag-nylon,,https://cdn.shopify.com/s/files/1/0692/1981/1587/files/RLL24SC7NIV_13.jpg,28
pulpy-hobo-bag-nylon,Pulpy hobo bag Nylon,https://cdn.shopify.com/s/files/1/0692/1981/1587/files/RLL24SC6NBK_0.jpg,1
pulpy-hobo-bag-nylon,,https://cdn.shopify.com/s/files/1/0692/1981/1587/files/RLL24SC6NBK_1.jpg,2
pulpy-hobo-bag-nylon,,https://cdn.shopify.com/s/files/1/0692/1981/1587/files/RLL24SC6NBK_2.jpg,3
pulpy-hobo-bag-nylon,,https://cdn.shopify.com/s/files/1/0692/1981/1587/files/RLL24SC6NBK_3.jpg,4
pulpy-hobo-bag-nylon,,https://cdn.shopify.com/s/files/1/0692/1981/1587/files/RLL24SC6NBK_4.jpg,5
pulpy-hobo-bag-nylon,,https://cdn.shopify.com/s/files/1/0692/1981/1587/files/RLL24SC6NBK_5.jpg,6
pulpy-hobo-bag-nylon,,https://cdn.shopify.com/s/files/1/0692/1981/1587/files/RLL24SC6NBK_6.jpg,7
pulpy-hobo-bag-nylon,,https://cdn.shopify.com/s/files/1/0692/1981/1587/files/RLL24SC6NBK_7.jpg,8
pulpy-hobo-bag-nylon,,https://cdn.shopify.com/s/files/1/0692/1981/1587/files/RLL24SC6NBK_8.jpg,9
pulpy-hobo-bag-nylon,,https://cdn.shopify.com/s/files/1/0692/1981/1587/files/RLL24SC6NBK_9.jpg,10
pulpy-hobo-bag-nylon,,https://cdn.shopify.com/s/files/1/0692/1981/1587/files/RLL24SC6NBK_10.jpg,11
pulpy-hobo-bag-nylon,,https://cdn.shopify.com/s/files/1/0692/1981/1587/files/RLL24SC6NBK_11.jpg,12
pulpy-hobo-bag-nylon,,https://cdn.shopify.com/s/files/1/0692/1981/1587/files/RLL24SC6NBK_12.jpg,13
pulpy-hobo-bag-nylon,,https://cdn.shopify.com/s/files/1/0692/1981/1587/files/RLL24SC6NBK_13.jpg,14
pulpy-hobo-bag-nylon,,https://cdn.shopify.com/s/files/1/0692/1981/1587/files/RLL24SC6NBK_14.jpg,15
pulpy-hobo-bag-nylon,,https://cdn.shopify.com/s/files/1/0692/1981/1587/files/RLL24SC6NUM_0.jpg,16
pulpy-hobo-bag-nylon,,https://cdn.shopify.com/s/files/1/0692/1981/1587/files/RLL24SC6NUM_1.jpg,17
pulpy-hobo-bag-nylon,,https://cdn.shopify.com/s/files/1/0692/1981/1587/files/RLL24SC6NUM_2.jpg,18
pulpy-hobo-bag-nylon,,https://cdn.shopify.com/s/files/1/0692/1981/1587/files/RLL24SC6NUM_3.jpg,19
pulpy-hobo-bag-nylon,,https://cdn.shopify.com/s/files/1/0692/1981/1587/files/RLL24SC6NUM_4.jpg,20
pulpy-hobo-bag-nylon,,https://cdn.shopify.com/s/files/1/0692/1981/1587/files/RLL24SC6NUM_5.jpg,21
pulpy-hobo-bag-nylon,,https://cdn.shopify.com/s/files/1/0692/1981/1587/files/RLL24SC6NUM_6.jpg,22
pulpy-hobo-bag-nylon,,https://cdn.shopify.com/s/files/1/0692/1981/1587/files/RLL24SC6NUM_7.jpg,23
pulpy-hobo-bag-nylon,,https://cdn.shopify.com/s/files/1/0692/1981/1587/files/RLL24SC6NUM_8.jpg,24
pulpy-hobo-bag-nylon,,https://cdn.shopify.com/s/files/1/0692/1981/1587/files/RLL24SC6NUM_9.jpg,25
pulpy-hobo-bag-nylon,,https://cdn.shopify.com/s/files/1/0692/1981/1587/files/RLL24SC6NUM_10.jpg,26
pulpy-hobo-bag-nylon,,https://cdn.shopify.com/s/files/1/0692/1981/1587/files/RLL24SC6NUM_11.jpg,27
pulpy-hobo-bag-nylon,,https://cdn.shopify.com/s/files/1/0692/1981/1587/files/RLL24SC6NUM_12.jpg,28
pulpy-hobo-bag-nylon,,https://cdn.shopify.com/s/files/1/0692/1981/1587/files/RLL24SC6NUM_13.jpg,29
around-hobo-bag,Around hobo bag,https://cdn.shopify.com/s/files/1/0692/1981/1587/files/RLL24SC1SBK_0.jpg,1
around-hobo-bag,,https://cdn.shopify.com/s/files/1/0692/1981/1587/files/RLL24SC1SBK_1.jpg,2
around-hobo-bag,,https://cdn.shopify.com/s/files/1/0692/1981/1587/files/RLL24SC1SBK_2.jpg,3
around-hobo-bag,,https://cdn.shopify.com/s/files/1/0692/1981/1587/files/RLL24SC1SBK_3.jpg,4
around-hobo-bag,,https://cdn.shopify.com/s/files/1/0692/1981/1587/files/RLL24SC1SBK_4.jpg,5
around-hobo-bag,,https://cdn.shopify.com/s/files/1/0692/1981/1587/files/RLL24SC1SBK_5.jpg,6
around-hobo-bag,,https://cdn.shopify.com/s/files/1/0692/1981/1587/files/RLL24SC1SBK_6.jpg,7
around-hobo-bag,,https://cdn.shopify.com/s/files/1/0692/1981/1587/files/RLL24SC1SBK_7.jpg,8
around-hobo-bag,,https://cdn.shopify.com/s/files/1/0692/1981/1587/files/RLL24SC1SBK_8.jpg,9
around-hobo-bag,,https://cdn.shopify.com/s/files/1/0692/1981/1587/files/RLL24SC1SBK_9.jpg,10
around-hobo-bag,,https://cdn.shopify.com/s/files/1/0692/1981/1587/files/RLL24SC1SBK_10.jpg,11
around-hobo-bag,,https://cdn.shopify.com/s/files/1/0692/1981/1587/files/RLL24SC1SBK_11.jpg,12
around-hobo-bag,,https://cdn.shopify.com/s/files/1/0692/1981/1587/files/RLL24SC1SBK_12.jpg,13
around-hobo-bag,,https://cdn.shopify.com/s/files/1/0692/1981/1587/files/RLL24SC1SBK_13.jpg,14
around-hobo-bag,,https://cdn.shopify.com/s/files/1/0692/1981/1587/files/RLL24SC1SBK_14.jpg,15
around-hobo-bag,,https://cdn.shopify.com/s/files/1/0692/1981/1587/files/RLL24SC1SBK_15.jpg,16
around-hobo-bag,,https://cdn.shopify.com/s/files/1/0692/1981/1587/files/RLL24SC1SIV_0.jpg,17
around-hobo-bag,,https://cdn.shopify.com/s/files/1/0692/1981/1587/files/RLL24SC1SIV_1.jpg,18
around-hobo-bag,,https://cdn.shopify.com/s/files/1/0692/1981/1587/files/RLL24SC1SIV_2.jpg,19
around-hobo-bag,,https://cdn.shopify.com/s/files/1/0692/1981/1587/files/RLL24SC1SIV_3.jpg,20
around-hobo-bag,,https://cdn.shopify.com/s/files/1/0692/1981/1587/files/RLL24SC1SIV_4.jpg,21
around-hobo-bag,,https://cdn.shopify.com/s/files/1/0692/1981/1587/files/RLL24SC1SIV_5.jpg,22
around-hobo-bag,,https://cdn.shopify.com/s/files/1/0692/1981/1587/files/RLL24SC1SIV_6.jpg,23
around-hobo-bag,,https://cdn.shopify.com/s/files/1/0692/1981/1587/files/RLL24SC1SIV_7.jpg,24
around-hobo-bag,,https://cdn.shopify.com/s/files/1/0692/1981/1587/files/RLL24SC1SIV_8.jpg,25
around-hobo-bag,,https://cdn.shopify.com/s/files/1/0692/1981/1587/files/RLL24SC1SIV_9.jpg,26
around-hobo-bag,,https://cdn.shopify.com/s/files/1/0692/1981/1587/files/RLL24SC1SIV_10.jpg,27
around-hobo-bag,,https://cdn.shopify.com/s/files/1/0692/1981/1587/files/RLL24SC1SIV_11.jpg,28
around-hobo-bag,,https://cdn.shopify.com/s/files/1/0692/1981/1587/files/RLL24SC1SIV_12.jpg,29
around-hobo-bag,,https://cdn.shopify.com/s/files/1/0692/1981/1587/files/RLL24SC1SIV_13.jpg,30
around-hobo-bag,,https://cdn.shopify.com/s/files/1/0692/1981/1587/files/RLL24SC1SBN_0.jpg,31
around-hobo-bag,,https://cdn.shopify.com/s/files/1/0692/1981/1587/files/RLL24SC1SBN_1.jpg,32
around-hobo-bag,,https://cdn.shopify.com/s/files/1/0692/1981/1587/files/RLL24SC1SBN_2.jpg,33
around-hobo-bag,,https://cdn.shopify.com/s/files/1/0692/1981/1587/files/RLL24SC1SBN_3.jpg,34
around-hobo-bag,,https://cdn.shopify.com/s/files/1/0692/1981/1587/files/RLL24SC1SBN_4.jpg,35
around-hobo-bag,,https://cdn.shopify.com/s/files/1/0692/1981/1587/files/RLL24SC1SBN_5.jpg,36
around-hobo-bag,,https://cdn.shopify.com/s/files/1/0692/1981/1587/files/RLL24SC1SBN_6.jpg,37
around-hobo-bag,,https://cdn.shopify.com/s/files/1/0692/1981/1587/files/RLL24SC1SBN_7.jpg,38
around-hobo-bag,,https://cdn.shopify.com/s/files/1/0692/1981/1587/files/RLL24SC1SBN_8.jpg,39
around-hobo-bag,,https://cdn.shopify.com/s/files/1/0692/1981/1587/files/RLL24SC1SBN_9.jpg,40
around-hobo-bag,,https://cdn.shopify.com/s/files/1/0692/1981/1587/files/RLL24SC1SBN_10.jpg,41
around-hobo-bag,,https://cdn.shopify.com/s/files/1/0692/1981/1587/files/RLL24SC1SBN_11.jpg,42
around-hobo-bag,,https://cdn.shopify.com/s/files/1/0692/1981/1587/files/RLL24SC1SBN_12.jpg,43
root-nylon-backpack,Root nylon backpack,https://cdn.shopify.com/s/files/1/0692/1981/1587/files/RLL24SC3SBK_0.jpg,1
root-nylon-backpack,,https://cdn.shopify.com/s/files/1/0692/1981/1587/files/RLL24SC3SBK_1.jpg,2
root-nylon-backpack,,https://cdn.shopify.com/s/files/1/0692/1981/1587/files/RLL24SC3SBK_2.jpg,3
root-nylon-backpack,,https://cdn.shopify.com/s/files/1/0692/1981/1587/files/RLL24SC3SBK_3.jpg,4
root-nylon-backpack,,https://cdn.shopify.com/s/files/1/0692/1981/1587/files/RLL24SC3SBK_4.jpg,5
root-nylon-backpack,,https://cdn.shopify.com/s/files/1/0692/1981/1587/files/RLL24SC3SBK_5.jpg,6
root-nylon-backpack,,https://cdn.shopify.com/s/files/1/0692/1981/1587/files/RLL24SC3SBK_6.jpg,7
root-nylon-backpack,,https://cdn.shopify.com/s/files/1/0692/1981/1587/files/RLL24SC3SBK_7.jpg,8
root-nylon-backpack,,https://cdn.shopify.com/s/files/1/0692/1981/1587/files/RLL24SC3SBK_8.jpg,9
root-nylon-backpack,,https://cdn.shopify.com/s/files/1/0692/1981/1587/files/RLL24SC3SBK_9.jpg,10
root-nylon-backpack,,https://cdn.shopify.com/s/files/1/0692/1981/1587/files/RLL24SC3SBK_10.jpg,11
root-nylon-backpack,,https://cdn.shopify.com/s/files/1/0692/1981/1587/files/RLL24SC3SBK_11.jpg,12
root-nylon-backpack,,https://cdn.shopify.com/s/files/1/0692/1981/1587/files/RLL24SC3SBK_12.jpg,13
root-nylon-backpack,,https://cdn.shopify.com/s/files/1/0692/1981/1587/files/RLL24SC3SBK_13.jpg,14
root-nylon-backpack,,https://cdn.shopify.com/s/files/1/0692/1981/1587/files/RLL24SC3SBK_14.jpg,15
root-nylon-backpack,,https://cdn.shopify.com/s/files/1/0692/1981/1587/files/RLL24SC3SBE_0.jpg,16
root-nylon-backpack,,https://cdn.shopify.com/s/files/1/0692/1981/1587/files/RLL24SC3SBE_1.jpg,17
root-nylon-backpack,,https://cdn.shopify.com/s/files/1/0692/1981/1587/files/RLL24SC3SBE_2.jpg,18
root-nylon-backpack,,https://cdn.shopify.com/s/files/1/0692/1981/1587/files/RLL24SC3SBE_3.jpg,19
root-nylon-backpack,,https://cdn.shopify.com/s/files/1/0692/1981/1587/files/RLL24SC3SBE_4.jpg,20
root-nylon-backpack,,https://cdn.shopify.com/s/files/1/0692/1981/1587/files/RLL24SC3SBE_5.jpg,21
root-nylon-backpack,,https://cdn.shopify.com/s/files/1/0692/1981/1587/files/RLL24SC3SGR_0.jpg,22
root-nylon-backpack,,https://cdn.shopify.com/s/files/1/0692/1981/1587/files/RLL24SC3SGR_1.jpg,23
root-nylon-backpack,,https://cdn.shopify.com/s/files/1/0692/1981/1587/files/RLL24SC3SGR_2.jpg,24
root-nylon-backpack,,https://cdn.shopify.com/s/files/1/0692/1981/1587/files/RLL24SC3SGR_3.jpg,25
tin-square-mini-tote,Tin square mini tote,https://cdn.shopify.com/s/files/1/0692/1981/1587/files/RLL24SA2XBK_0.jpg,1
tin-square-mini-tote,,https://cdn.shopify.com/s/files/1/0692/1981/1587/files/RLL24SA2XBK_1.jpg,2
tin-square-mini-tote,,https://cdn.shopify.com/s/files/1/0692/1981/1587/files/RLL24SA2XBK_2.jpg,3
tin-square-mini-tote,,https://cdn.shopify.com/s/files/1/0692/1981/1587/files/RLL24SA2XBK_3.jpg,4
tin-square-mini-tote,,https://cdn.shopify.com/s/files/1/0692/1981/1587/files/RLL24SA2XBK_4.jpg,5
tin-square-mini-tote,,https://cdn.shopify.com/s/files/1/0692/1981/1587/files/RLL24SA2XBK_5.jpg,6
tin-square-mini-tote,,https://cdn.shopify.com/s/files/1/0692/1981/1587/files/RLL24SA2XBK_6.jpg,7
tin-square-mini-tote,,https://cdn.shopify.com/s/files/1/0692/1981/1587/files/RLL24SA2XBK_7.jpg,8
tin-square-mini-tote,,https://cdn.shopify.com/s/files/1/0692/1981/1587/files/RLL24SA2XBK_8.jpg,9
tin-square-mini-tote,,https://cdn.shopify.com/s/files/1/0692/1981/1587/files/RLL24SA2XBK_9.jpg,10
tin-square-mini-tote,,https://cdn.shopify.com/s/files/1/0692/1981/1587/files/RLL24SA2XBK_10.jpg,11
tin-square-mini-tote,,https://cdn.shopify.com/s/files/1/0692/1981/1587/files/RLL24SA2XBK_11.jpg,12
tin-square-mini-tote,,https://cdn.shopify.com/s/files/1/0692/1981/1587/files/RLL24SA2XBK_12.jpg,13
tin-square-mini-tote,,https://cdn.shopify.com/s/files/1/0692/1981/1587/files/RLL24SA2XBK_13.jpg,14
tin-square-mini-tote,,https://cdn.shopify.com/s/files/1/0692/1981/1587/files/RLL24SA2XBK_14.jpg,15
tin-square-mini-tote,,https://cdn.shopify.com/s/files/1/0692/1981/1587/files/RLL24SA2XBK_15.jpg,16
tin-square-mini-tote,,https://cdn.shopify.com/s/files/1/0692/1981/1587/files/RLL24SA2XBK_16.jpg,17
tin-square-mini-tote,,https://cdn.shopify.com/s/files/1/0692/1981/1587/files/RLL24SA2XBN_0.jpg,18
tin-square-mini-tote,,https://cdn.shopify.com/s/files/1/0692/1981/1587/files/RLL24SA2XBN_1.jpg,19
tin-square-mini-tote,,https://cdn.shopify.com/s/files/1/0692/1981/1587/files/RLL24SA2XBN_2.jpg,20
tin-square-mini-tote,,https://cdn.shopify.com/s/files/1/0692/1981/1587/files/RLL24SA2XBN_3.jpg,21
tin-square-mini-tote,,https://cdn.shopify.com/s/files/1/0692/1981/1587/files/RLL24SA2XBN_4.jpg,22
tin-square-mini-tote,,https://cdn.shopify.com/s/files/1/0692/1981/1587/files/RLL24SA2XBN_5.jpg,23
tin-square-mini-tote,,https://cdn.shopify.com/s/files/1/0692/1981/1587/files/RLL24SA2XBN_6.jpg,24
tin-square-mini-tote,,https://cdn.shopify.com/s/files/1/0692/1981/1587/files/RLL24SA2XBN_7.jpg,25
tin-square-mini-tote,,https://cdn.shopify.com/s/files/1/0692/1981/1587/files/RLL24SA2XBN_8.jpg,26
tin-square-mini-tote,,https://cdn.shopify.com/s/files/1/0692/1981/1587/files/RLL24SA2XBN_9.jpg,27
tin-square-mini-tote,,https://cdn.shopify.com/s/files/1/0692/1981/1587/files/RLL24SA2XBN_10.jpg,28
tin-square-mini-tote,,https://cdn.shopify.com/s/files/1/0692/1981/1587/files/RLL24SA2XBN_11.jpg,29
tin-square-mini-tote,,https://cdn.shopify.com/s/files/1/0692/1981/1587/files/RLL24SA2XBN_12.jpg,30
tin-square-mini-tote,,https://cdn.shopify.com/s/files/1/0692/1981/1587/files/RLL24SA2XBN_13.jpg,31
tin-square-mini-tote,,https://cdn.shopify.com/s/files/1/0692/1981/1587/files/RLL24SA2XBN_14.jpg,32
tin-square-mini-tote,,https://cdn.shopify.com/s/files/1/0692/1981/1587/files/RLL24SA2XBN_15.jpg,33
tin-square-mini-tote,,https://cdn.shopify.com/s/files/1/0692/1981/1587/files/RLL24SA2XBN_16.jpg,34
tin-square-mini-tote,,https://cdn.shopify.com/s/files/1/0692/1981/1587/files/RLL24SA2XBN_17.jpg,35
tin-square-mini-tote,,https://cdn.shopify.com/s/files/1/0692/1981/1587/files/RLL24SA2XCH_0.jpg,36
tin-square-mini-tote,,https://cdn.shopify.com/s/files/1/0692/1981/1587/files/RLL24SA2XCH_1.jpg,37
tin-square-mini-tote,,https://cdn.shopify.com/s/files/1/0692/1981/1587/files/RLL24SA2XCH_2.jpg,38
tin-square-mini-tote,,https://cdn.shopify.com/s/files/1/0692/1981/1587/files/RLL24SA2XCH_3.jpg,39
tin-square-mini-tote,,https://cdn.shopify.com/s/files/1/0692/1981/1587/files/RLL24SA2XCH_4.jpg,40
tin-square-mini-tote,,https://cdn.shopify.com/s/files/1/0692/1981/1587/files/RLL24SA2XCH_5.jpg,41
tin-square-mini-tote,,https://cdn.shopify.com/s/files/1/0692/1981/1587/files/RLL24SA2XCH_6.jpg,42
tin-square-mini-tote,,https://cdn.shopify.com/s/files/1/0692/1981/1587/files/RLL24SA2XCH_7.jpg,43
tin-square-mini-tote,,https://cdn.shopify.com/s/files/1/0692/1981/1587/files/RLL24SA2XCH_8.jpg,44
tin-square-mini-tote,,https://cdn.shopify.com/s/files/1/0692/1981/1587/files/RLL24SA2XCH_9.jpg,45
tin-square-mini-tote,,https://cdn.shopify.com/s/files/1/0692/1981/1587/files/RLL24SA2XCH_10.jpg,46
tin-square-mini-tote,,https://cdn.shopify.com/s/files/1/0692/1981/1587/files/RLL24SA2XCH_11.jpg,47
tin-square-mini-tote,,https://cdn.shopify.com/s/files/1/0692/1981/1587/files/RLL24SA2XCH_12.jpg,48
tin-square-mini-tote,,https://cdn.shopify.com/s/files/1/0692/1981/1587/files/RLL24SA2XCH_13.jpg,49
tin-square-mini-tote,,https://cdn.shopify.com/s/files/1/0692/1981/1587/files/RLL24SA2XCH_14.jpg,50
tin-square-mini-tote,,https://cdn.shopify.com/s/files/1/0692/1981/1587/files/RLL24SA2XCH_15.jpg,51
tin-square-mini-tote,,https://cdn.shopify.com/s/files/1/0692/1981/1587/files/RLL24SA2XCH_16.jpg,52
tin-square-mini-tote,,https://cdn.shopify.com/s/files/1/0692/1981/1587/files/RLL24SA2XCH_17.jpg,53
tin-square-mini-tote,,https://cdn.shopify.com/s/files/1/0692/1981/1587/files/RLL24SA2XCH_18.jpg,54
aline-large-shoulder-bag,Aline large shoulder bag,https://cdn.shopify.com/s/files/1/0692/1981/1587/files/RLL24S06SBK_0.jpg,1
aline-large-shoulder-bag,,https://cdn.shopify.com/s/files/1/0692/1981/1587/files/RLL24S06SBK_1.jpg,2
aline-large-shoulder-bag,,https://cdn.shopify.com/s/files/1/0692/1981/1587/files/RLL24S06SBK_2.jpg,3
aline-large-shoulder-bag,,https://cdn.shopify.com/s/files/1/0692/1981/1587/files/RLL24S06SBK_3.jpg,4
aline-large-shoulder-bag,,https://cdn.shopify.com/s/files/1/0692/1981/1587/files/RLL24S06SBK_4.jpg,5
aline-large-shoulder-bag,,https://cdn.shopify.com/s/files/1/0692/1981/1587/files/RLL24S06SBK_5.jpg,6
aline-large-shoulder-bag,,https://cdn.shopify.com/s/files/1/0692/1981/1587/files/RLL24S06SBK_6.jpg,7
aline-large-shoulder-bag,,https://cdn.shopify.com/s/files/1/0692/1981/1587/files/RLL24S06SBK_7.jpg,8
aline-large-shoulder-bag,,https://cdn.shopify.com/s/files/1/0692/1981/1587/files/RLL24S06SBK_8.jpg,9
aline-large-shoulder-bag,,https://cdn.shopify.com/s/files/1/0692/1981/1587/files/RLL24S06SBK_9.jpg,10
aline-large-shoulder-bag,,https://cdn.shopify.com/s/files/1/0692/1981/1587/files/RLL24S06SBK_10.jpg,11
aline-large-shoulder-bag,,https://cdn.shopify.com/s/files/1/0692/1981/1587/files/RLL24S06SBK_11.jpg,12
aline-large-shoulder-bag,,https://cdn.shopify.com/s/files/1/0692/1981/1587/files/RLL24S06SBK_12.jpg,13
aline-large-shoulder-bag,,https://cdn.shopify.com/s/files/1/0692/1981/1587/files/RLL24S06SBK_13.jpg,14
aline-large-shoulder-bag,,https://cdn.shopify.com/s/files/1/0692/1981/1587/files/RLL24S06SBK_14.jpg,15
aline-large-shoulder-bag,,https://cdn.shopify.com/s/files/1/0692/1981/1587/files/RLL24S06SBK_15.jpg,16
aline-large-shoulder-bag,,https://cdn.shopify.com/s/files/1/0692/1981/1587/files/RLL24S06SBK_16.jpg,17
aline-large-shoulder-bag,,https://cdn.shopify.com/s/files/1/0692/1981/1587/files/RLL24S06SBK_17.jpg,18
aline-large-shoulder-bag,,https://cdn.shopify.com/s/files/1/0692/1981/1587/files/RLL24S06SBK_18.jpg,19
aline-large-shoulder-bag,,https://cdn.shopify.com/s/files/1/0692/1981/1587/files/RLL24S06SUM_0.jpg,20
aline-large-shoulder-bag,,https://cdn.shopify.com/s/files/1/0692/1981/1587/files/RLL24S06SUM_1.jpg,21
aline-large-shoulder-bag,,https://cdn.shopify.com/s/files/1/0692/1981/1587/files/RLL24S06SUM_2.jpg,22
aline-large-shoulder-bag,,https://cdn.shopify.com/s/files/1/0692/1981/1587/files/RLL24S06SUM_3.jpg,23
aline-large-shoulder-bag,,https://cdn.shopify.com/s/files/1/0692/1981/1587/files/RLL24S06SUM_4.jpg,24
aline-large-shoulder-bag,,https://cdn.shopify.com/s/files/1/0692/1981/1587/files/RLL24S06SUM_5.jpg,25
aline-large-shoulder-bag,,https://cdn.shopify.com/s/files/1/0692/1981/1587/files/RLL24S06SUM_6.jpg,26
aline-large-shoulder-bag,,https://cdn.shopify.com/s/files/1/0692/1981/1587/files/RLL24S06SUM_7.jpg,27
aline-large-shoulder-bag,,https://cdn.shopify.com/s/files/1/0692/1981/1587/files/RLL24S06SUM_8.jpg,28
aline-large-shoulder-bag,,https://cdn.shopify.com/s/files/1/0692/1981/1587/files/RLL24S06SUM_9.jpg,29
aline-large-shoulder-bag,,https://cdn.shopify.com/s/files/1/0692/1981/1587/files/RLL24S06SUM_10.jpg,30
aline-large-shoulder-bag,,https://cdn.shopify.com/s/files/1/0692/1981/1587/files/RLL24S06SUM_11.jpg,31
aline-large-shoulder-bag,,https://cdn.shopify.com/s/files/1/0692/1981/1587/files/RLL24S06SUM_12.jpg,32
aline-large-shoulder-bag,,https://cdn.shopify.com/s/files/1/0692/1981/1587/files/RLL24S06SUM_13.jpg,33
aline-large-shoulder-bag,,https://cdn.shopify.com/s/files/1/0692/1981/1587/files/RLL24S06SUM_14.jpg,34
aline-large-shoulder-bag,,https://cdn.shopify.com/s/files/1/0692/1981/1587/files/RLL24S06SUM_15.jpg,35
pebble-medium-shoulder-bag,Pebble medium shoulder bag,https://cdn.shopify.com/s/files/1/0692/1981/1587/files/RLL24S65GBK_0.jpg,1
pebble-medium-shoulder-bag,,https://cdn.shopify.com/s/files/1/0692/1981/1587/files/RLL24S65GBK_1.jpg,2
pebble-medium-shoulder-bag,,https://cdn.shopify.com/s/files/1/0692/1981/1587/files/RLL24S65GBK_2.jpg,3
pebble-medium-shoulder-bag,,https://cdn.shopify.com/s/files/1/0692/1981/1587/files/RLL24S65GBK_3.jpg,4
pebble-medium-shoulder-bag,,https://cdn.shopify.com/s/files/1/0692/1981/1587/files/RLL24S65GBK_4.jpg,5
pebble-medium-shoulder-bag,,https://cdn.shopify.com/s/files/1/0692/1981/1587/files/RLL24S65GBK_5.jpg,6
pebble-medium-shoulder-bag,,https://cdn.shopify.com/s/files/1/0692/1981/1587/files/RLL24S65GBK_6.jpg,7
pebble-medium-shoulder-bag,,https://cdn.shopify.com/s/files/1/0692/1981/1587/files/RLL24S65GBK_7.jpg,8
pebble-medium-shoulder-bag,,https://cdn.shopify.com/s/files/1/0692/1981/1587/files/RLL24S65GBK_8.jpg,9
pebble-medium-shoulder-bag,,https://cdn.shopify.com/s/files/1/0692/1981/1587/files/RLL24S65GBK_9.jpg,10
pebble-medium-shoulder-bag,,https://cdn.shopify.com/s/files/1/0692/1981/1587/files/RLL24S65GBK_10.jpg,11
pebble-medium-shoulder-bag,,https://cdn.shopify.com/s/files/1/0692/1981/1587/files/RLL24S65GBK_11.jpg,12
pebble-medium-shoulder-bag,,https://cdn.shopify.com/s/files/1/0692/1981/1587/files/RLL24S65GBK_12.jpg,13
pebble-medium-shoulder-bag,,https://cdn.shopify.com/s/files/1/0692/1981/1587/files/RLL24S65GBK_13.jpg,14
pebble-medium-shoulder-bag,,https://cdn.shopify.com/s/files/1/0692/1981/1587/files/RLL24S65GIV_0.jpg,15
pebble-medium-shoulder-bag,,https://cdn.shopify.com/s/files/1/0692/1981/1587/files/RLL24S65GIV_1.jpg,16
pebble-medium-shoulder-bag,,https://cdn.shopify.com/s/files/1/0692/1981/1587/files/RLL24S65GIV_2.jpg,17
pebble-medium-shoulder-bag,,https://cdn.shopify.com/s/files/1/0692/1981/1587/files/RLL24S65GIV_3.jpg,18
pebble-medium-shoulder-bag,,https://cdn.shopify.com/s/files/1/0692/1981/1587/files/RLL24S65GIV_4.jpg,19
pebble-medium-shoulder-bag,,https://cdn.shopify.com/s/files/1/0692/1981/1587/files/RLL24S65GIV_5.jpg,20
pebble-medium-shoulder-bag,,https://cdn.shopify.com/s/files/1/0692/1981/1587/files/RLL24S65GIV_6.jpg,21
pebble-medium-shoulder-bag,,https://cdn.shopify.com/s/files/1/0692/1981/1587/files/RLL24S65GIV_7.jpg,22
pebble-medium-shoulder-bag,,https://cdn.shopify.com/s/files/1/0692/1981/1587/files/RLL24S65GIV_8.jpg,23
pebble-medium-shoulder-bag,,https://cdn.shopify.com/s/files/1/0692/1981/1587/files/RLL24S65GIV_9.jpg,24
pebble-medium-shoulder-bag,,https://cdn.shopify.com/s/files/1/0692/1981/1587/files/RLL24S65GIV_10.jpg,25
pebble-medium-shoulder-bag,,https://cdn.shopify.com/s/files/1/0692/1981/1587/files/RLL24S65GIV_11.jpg,26
pebble-medium-shoulder-bag,,https://cdn.shopify.com/s/files/1/0692/1981/1587/files/RLL24S65GIV_12.jpg,27
pebble-medium-shoulder-bag,,https://cdn.shopify.com/s/files/1/0692/1981/1587/files/RLL24S65GIV_13.jpg,28
pebble-medium-shoulder-bag,,https://cdn.shopify.com/s/files/1/0692/1981/1587/files/RLL24S65GIV_14.jpg,29
pebble-medium-shoulder-bag,,https://cdn.shopify.com/s/files/1/0692/1981/1587/files/RLL24S65GIV_15.jpg,30
mini-around-hobo-bag,Mini around hobo bag,https://cdn.shopify.com/s/files/1/0692/1981/1587/files/RLL24S66SBK_0.jpg,1
mini-around-hobo-bag,,https://cdn.shopify.com/s/files/1/0692/1981/1587/files/RLL24S66SBK_1.jpg,2
mini-around-hobo-bag,,https://cdn.shopify.com/s/files/1/0692/1981/1587/files/RLL24S66SBK_2.jpg,3
mini-around-hobo-bag,,https://cdn.shopify.com/s/files/1/0692/1981/1587/files/RLL24S66SBK_3.jpg,4
mini-around-hobo-bag,,https://cdn.shopify.com/s/files/1/0692/1981/1587/files/RLL24S66SBK_4.jpg,5
mini-around-hobo-bag,,https://cdn.shopify.com/s/files/1/0692/1981/1587/files/RLL24S66SBK_5.jpg,6
mini-around-hobo-bag,,https://cdn.shopify.com/s/files/1/0692/1981/1587/files/RLL24S66SBK_6.jpg,7
mini-around-hobo-bag,,https://cdn.shopify.com/s/files/1/0692/1981/1587/files/RLL24S66SBK_7.jpg,8
mini-around-hobo-bag,,https://cdn.shopify.com/s/files/1/0692/1981/1587/files/RLL24S66SBK_8.jpg,9
mini-around-hobo-bag,,https://cdn.shopify.com/s/files/1/0692/1981/1587/files/RLL24S66SBK_9.jpg,10
mini-around-hobo-bag,,https://cdn.shopify.com/s/files/1/0692/1981/1587/files/RLL24S66SBK_10.jpg,11
mini-around-hobo-bag,,https://cdn.shopify.com/s/files/1/0692/1981/1587/files/RLL24S66SBK_11.jpg,12
mini-around-hobo-bag,,https://cdn.shopify.com/s/files/1/0692/1981/1587/files/RLL24S66SBK_12.jpg,13
mini-around-hobo-bag,,https://cdn.shopify.com/s/files/1/0692/1981/1587/files/RLL24S66SBK_13.jpg,14
mini-around-hobo-bag,,https://cdn.shopify.com/s/files/1/0692/1981/1587/files/RLL24S66SBK_14.jpg,15
mini-around-hobo-bag,,https://cdn.shopify.com/s/files/1/0692/1981/1587/files/RLL24S66SBK_15.jpg,16
mini-around-hobo-bag,,https://cdn.shopify.com/s/files/1/0692/1981/1587/files/RLL24S66SBK_16.jpg,17
mini-around-hobo-bag,,https://cdn.shopify.com/s/files/1/0692/1981/1587/files/RLL24S66SIV_0.jpg,18
mini-around-hobo-bag,,https://cdn.shopify.com/s/files/1/0692/1981/1587/files/RLL24S66SIV_1.jpg,19
mini-around-hobo-bag,,https://cdn.shopify.com/s/files/1/0692/1981/1587/files/RLL24S66SIV_2.jpg,20
mini-around-hobo-bag,,https://cdn.shopify.com/s/files/1/0692/1981/1587/files/RLL24S66SIV_3.jpg,21
mini-around-hobo-bag,,https://cdn.shopify.com/s/files/1/0692/1981/1587/files/RLL24S66SIV_4.jpg,22
mini-around-hobo-bag,,https://cdn.shopify.com/s/files/1/0692/1981/1587/files/RLL24S66SIV_5.jpg,23
mini-around-hobo-bag,,https://cdn.shopify.com/s/files/1/0692/1981/1587/files/RLL24S66SIV_6.jpg,24
mini-around-hobo-bag,,https://cdn.shopify.com/s/files/1/0692/1981/1587/files/RLL24S66SIV_7.jpg,25
mini-around-hobo-bag,,https://cdn.shopify.com/s/files/1/0692/1981/1587/files/RLL24S66SIV_8.jpg,26
mini-around-hobo-bag,,https://cdn.shopify.com/s/files/1/0692/1981/1587/files/RLL24S66SIV_9.jpg,27
mini-around-hobo-bag,,https://cdn.shopify.com/s/files/1/0692/1981/1587/files/RLL24S66SIV_10.jpg,28
mini-around-hobo-bag,,https://cdn.shopify.com/s/files/1/0692/1981/1587/files/RLL24S66SIV_11.jpg,29
mini-around-hobo-bag,,https://cdn.shopify.com/s/files/1/0692/1981/1587/files/RLL24S66SIV_12.jpg,30
mini-around-hobo-bag,,https://cdn.shopify.com/s/files/1/0692/1981/1587/files/RLL24S66SIV_13.jpg,31
mini-around-hobo-bag,,https://cdn.shopify.com/s/files/1/0692/1981/1587/files/RLL24S66SBN_0.jpg,32
mini-around-hobo-bag,,https://cdn.shopify.com/s/files/1/0692/1981/1587/files/RLL24S66SBN_1.jpg,33
mini-around-hobo-bag,,https://cdn.shopify.com/s/files/1/0692/1981/1587/files/RLL24S66SBN_2.jpg,34
mini-around-hobo-bag,,https://cdn.shopify.com/s/files/1/0692/1981/1587/files/RLL24S66SBN_3.jpg,35
mini-around-hobo-bag,,https://cdn.shopify.com/s/files/1/0692/1981/1587/files/RLL24S66SBN_4.jpg,36
mini-around-hobo-bag,,https://cdn.shopify.com/s/files/1/0692/1981/1587/files/RLL24S66SBN_5.jpg,37
mini-around-hobo-bag,,https://cdn.shopify.com/s/files/1/0692/1981/1587/files/RLL24S66SBN_6.jpg,38
mini-around-hobo-bag,,https://cdn.shopify.com/s/files/1/0692/1981/1587/files/RLL24S66SBN_7.jpg,39
mini-around-hobo-bag,,https://cdn.shopify.com/s/files/1/0692/1981/1587/files/RLL24S66SBN_8.jpg,40
mini-around-hobo-bag,,https://cdn.shopify.com/s/files/1/0692/1981/1587/files/RLL24S66SBN_9.jpg,41
mini-around-hobo-bag,,https://cdn.shopify.com/s/files/1/0692/1981/1587/files/RLL24S66SBN_10.jpg,42
mini-around-hobo-bag,,https://cdn.shopify.com/s/files/1/0692/1981/1587/files/RLL24S66SBN_11.jpg,43
mini-around-hobo-bag,,https://cdn.shopify.com/s/files/1/0692/1981/1587/files/RLL24S66SBN_12.jpg,44
mini-around-hobo-bag,,https://cdn.shopify.com/s/files/1/0692/1981/1587/files/RLL24S66SBN_13.jpg,45
mini-around-hobo-bag,,https://cdn.shopify.com/s/files/1/0692/1981/1587/files/RLL24S66SBN_14.jpg,46
mini-around-hobo-bag,,https://cdn.shopify.com/s/files/1/0692/1981/1587/files/RLL24S66SSM_0.jpg,47
mini-around-hobo-bag,,https://cdn.shopify.com/s/files/1/0692/1981/1587/files/RLL24S66SSM_1.jpg,48
mini-around-hobo-bag,,https://cdn.shopify.com/s/files/1/0692/1981/1587/files/RLL24S66SSM_2.jpg,49
mini-around-hobo-bag,,https://cdn.shopify.com/s/files/1/0692/1981/1587/files/RLL24S66SSM_3.jpg,50
mini-around-hobo-bag,,https://cdn.shopify.com/s/files/1/0692/1981/1587/files/RLL24S66SSM_4.jpg,51
mini-around-hobo-bag,,https://cdn.shopify.com/s/files/1/0692/1981/1587/files/RLL24S66SSM_5.jpg,52
mini-around-hobo-bag,,https://cdn.shopify.com/s/files/1/0692/1981/1587/files/RLL24S66SSM_6.jpg,53
mini-around-hobo-bag,,https://cdn.shopify.com/s/files/1/0692/1981/1587/files/RLL24S66SSM_7.jpg,54
mini-around-hobo-bag,,https://cdn.shopify.com/s/files/1/0692/1981/1587/files/RLL24S66SSM_8.jpg,55
mini-around-hobo-bag,,https://cdn.shopify.com/s/files/1/0692/1981/1587/files/RLL24S66SSM_9.jpg,56
mini-around-hobo-bag,,https://cdn.shopify.com/s/files/1/0692/1981/1587/files/RLL24S66SSM_10.jpg,57
mini-around-hobo-bag,,https://cdn.shopify.com/s/files/1/0692/1981/1587/files/RLL24S66SSM_11.jpg,58
mini-around-hobo-bag,,https://cdn.shopify.com/s/files/1/0692/1981/1587/files/RLL24S66SSM_12.jpg,59
mini-around-hobo-bag,,https://cdn.shopify.com/s/files/1/0692/1981/1587/files/RLL24S66SSM_13.jpg,60
mini-root-nylon-backpack,Mini root nylon backpack,https://cdn.shopify.com/s/files/1/0692/1981/1587/files/RLL24SC4SBK_0.jpg,1
mini-root-nylon-backpack,,https://cdn.shopify.com/s/files/1/0692/1981/1587/files/RLL24SC4SBK_1.jpg,2
mini-root-nylon-backpack,,https://cdn.shopify.com/s/files/1/0692/1981/1587/files/RLL24SC4SBK_2.jpg,3
mini-root-nylon-backpack,,https://cdn.shopify.com/s/files/1/0692/1981/1587/files/RLL24SC4SBK_3.jpg,4
mini-root-nylon-backpack,,https://cdn.shopify.com/s/files/1/0692/1981/1587/files/RLL24SC4SBK_4.jpg,5
mini-root-nylon-backpack,,https://cdn.shopify.com/s/files/1/0692/1981/1587/files/RLL24SC4SBK_5.jpg,6
mini-root-nylon-backpack,,https://cdn.shopify.com/s/files/1/0692/1981/1587/files/RLL24SC4SBK_6.jpg,7
mini-root-nylon-backpack,,https://cdn.shopify.com/s/files/1/0692/1981/1587/files/RLL24SC4SBK_7.jpg,8
mini-root-nylon-backpack,,https://cdn.shopify.com/s/files/1/0692/1981/1587/files/RLL24SC4SBK_8.jpg,9
mini-root-nylon-backpack,,https://cdn.shopify.com/s/files/1/0692/1981/1587/files/RLL24SC4SBK_9.jpg,10
mini-root-nylon-backpack,,https://cdn.shopify.com/s/files/1/0692/1981/1587/files/RLL24SC4SBK_10.jpg,11
mini-root-nylon-backpack,,https://cdn.shopify.com/s/files/1/0692/1981/1587/files/RLL24SC4SBK_11.jpg,12
mini-root-nylon-backpack,,https://cdn.shopify.com/s/files/1/0692/1981/1587/files/RLL24SC4SBK_12.jpg,13
mini-root-nylon-backpack,,https://cdn.shopify.com/s/files/1/0692/1981/1587/files/RLL24SC4SBK_13.jpg,14
mini-root-nylon-backpack,,https://cdn.shopify.com/s/files/1/0692/1981/1587/files/RLL24SC4SGR_0.jpg,15
mini-root-nylon-backpack,,https://cdn.shopify.com/s/files/1/0692/1981/1587/files/RLL24SC4SGR_1.jpg,16
mini-root-nylon-backpack,,https://cdn.shopify.com/s/files/1/0692/1981/1587/files/RLL24SC4SGR_2.jpg,17
mini-root-nylon-backpack,,https://cdn.shopify.com/s/files/1/0692/1981/1587/files/RLL24SC4SGR_3.jpg,18
mini-root-nylon-backpack,,https://cdn.shopify.com/s/files/1/0692/1981/1587/files/RLL24SC4SSM_0.jpg,19
mini-root-nylon-backpack,,https://cdn.shopify.com/s/files/1/0692/1981/1587/files/RLL24SC4SSM_1.jpg,20
mini-root-nylon-backpack,,https://cdn.shopify.com/s/files/1/0692/1981/1587/files/RLL24SC4SSM_2.jpg,21
mini-root-nylon-backpack,,https://cdn.shopify.com/s/files/1/0692/1981/1587/files/RLL24SC4SSM_3.jpg,22
mini-root-nylon-backpack,,https://cdn.shopify.com/s/files/1/0692/1981/1587/files/RLL24SC4SSM_4.jpg,23
mini-root-nylon-backpack,,https://cdn.shopify.com/s/files/1/0692/1981/1587/files/RLL24SC4SSM_5.jpg,24
mini-root-nylon-backpack,,https://cdn.shopify.com/s/files/1/0692/1981/1587/files/RLL24SC4SSM_6.jpg,25
mini-root-nylon-backpack,,https://cdn.shopify.com/s/files/1/0692/1981/1587/files/RLL24SC4SSM_7.jpg,26
mini-root-nylon-backpack,,https://cdn.shopify.com/s/files/1/0692/1981/1587/files/RLL24SC4SSM_8.jpg,27
mini-root-nylon-backpack,,https://cdn.shopify.com/s/files/1/0692/1981/1587/files/RLL24SC4SSM_9.jpg,28
mini-root-nylon-backpack,,https://cdn.shopify.com/s/files/1/0692/1981/1587/files/RLL24SC4SSM_10.jpg,29
mini-root-nylon-backpack,,https://cdn.shopify.com/s/files/1/0692/1981/1587/files/RLL24SC4SSM_11.jpg,30
mini-root-nylon-backpack,,https://cdn.shopify.com/s/files/1/0692/1981/1587/files/RLL24SC4SSM_12.jpg,31
mini-root-nylon-backpack,,https://cdn.shopify.com/s/files/1/0692/1981/1587/files/RLL24SC4SSM_13.jpg,32
mini-root-nylon-backpack,,https://cdn.shopify.com/s/files/1/0692/1981/1587/files/RLL24SC4NMU_0.jpg,33
mini-root-nylon-backpack,,https://cdn.shopify.com/s/files/1/0692/1981/1587/files/RLL24SC4NMU_1.jpg,34
mini-root-nylon-backpack,,https://cdn.shopify.com/s/files/1/0692/1981/1587/files/RLL24SC4NMU_2.jpg,35
mini-root-nylon-backpack,,https://cdn.shopify.com/s/files/1/0692/1981/1587/files/RLL24SC4NMU_3.jpg,36
mini-root-nylon-backpack,,https://cdn.shopify.com/s/files/1/0692/1981/1587/files/RLL24SC4NMU_4.jpg,37
mini-root-nylon-backpack,,https://cdn.shopify.com/s/files/1/0692/1981/1587/files/RLL24SC4NMU_5.jpg,38
mini-root-nylon-backpack,,https://cdn.shopify.com/s/files/1/0692/1981/1587/files/RLL24SC4NMU_6.jpg,39
mini-root-nylon-backpack,,https://cdn.shopify.com/s/files/1/0692/1981/1587/files/RLL24SC4NMU_7.jpg,40
mini-root-nylon-backpack,,https://cdn.shopify.com/s/files/1/0692/1981/1587/files/RLL24SC4NMU_8.jpg,41
mini-root-nylon-backpack,,https://cdn.shopify.com/s/files/1/0692/1981/1587/files/RLL24SC4NMU_9.jpg,42
mini-root-nylon-backpack,,https://cdn.shopify.com/s/files/1/0692/1981/1587/files/RLL24SC4NMU_10.jpg,43
mini-root-nylon-backpack,,https://cdn.shopify.com/s/files/1/0692/1981/1587/files/RLL24SC4NMU_11.jpg,44
mini-root-nylon-backpack,,https://cdn.shopify.com/s/files/1/0692/1981/1587/files/RLL24SC4NMU_12.jpg,45
mini-root-nylon-backpack,,https://cdn.shopify.com/s/files/1/0692/1981/1587/files/RLL24SC4NMU_13.jpg,46
mini-root-nylon-backpack,,https://cdn.shopify.com/s/files/1/0692/1981/1587/files/RLL24SC4NMU_14.jpg,47
mini-root-nylon-backpack,,https://cdn.shopify.com/s/files/1/0692/1981/1587/files/RLL24SC4NMU_15.jpg,48
mini-root-nylon-backpack,,https://cdn.shopify.com/s/files/1/0692/1981/1587/files/RLL24SC4NMU_16.jpg,49
rowie-shoulder-bag-nylon,Rowie shoulder bag Nylon,https://cdn.shopify.com/s/files/1/0692/1981/1587/files/RLL24S37NBK_0.jpg,1
rowie-shoulder-bag-nylon,,https://cdn.shopify.com/s/files/1/0692/1981/1587/files/RLL24S37NBK_1.jpg,2
rowie-shoulder-bag-nylon,,https://cdn.shopify.com/s/files/1/0692/1981/1587/files/RLL24S37NBK_2.jpg,3
rowie-shoulder-bag-nylon,,https://cdn.shopify.com/s/files/1/0692/1981/1587/files/RLL24S37NBK_3.jpg,4
rowie-shoulder-bag-nylon,,https://cdn.shopify.com/s/files/1/0692/1981/1587/files/RLL24S37NBK_4.jpg,5
rowie-shoulder-bag-nylon,,https://cdn.shopify.com/s/files/1/0692/1981/1587/files/RLL24S37NBK_5.jpg,6
rowie-shoulder-bag-nylon,,https://cdn.shopify.com/s/files/1/0692/1981/1587/files/RLL24S37NBK_6.jpg,7
rowie-shoulder-bag-nylon,,https://cdn.shopify.com/s/files/1/0692/1981/1587/files/RLL24S37NBK_7.jpg,8
rowie-shoulder-bag-nylon,,https://cdn.shopify.com/s/files/1/0692/1981/1587/files/RLL24S37NBK_8.jpg,9
rowie-shoulder-bag-nylon,,https://cdn.shopify.com/s/files/1/0692/1981/1587/files/RLL24S37NBK_9.jpg,10
rowie-shoulder-bag-nylon,,https://cdn.shopify.com/s/files/1/0692/1981/1587/files/RLL24S37NBK_10.jpg,11
rowie-shoulder-bag-nylon,,https://cdn.shopify.com/s/files/1/0692/1981/1587/files/RLL24S37NBK_11.jpg,12
rowie-shoulder-bag-nylon,,https://cdn.shopify.com/s/files/1/0692/1981/1587/files/RLL24S37NBK_12.jpg,13
rowie-shoulder-bag-nylon,,https://cdn.shopify.com/s/files/1/0692/1981/1587/files/RLL24S37NBK_13.jpg,14
rowie-shoulder-bag-nylon,,https://cdn.shopify.com/s/files/1/0692/1981/1587/files/RLL24S37NIV_0.jpg,15
rowie-shoulder-bag-nylon,,https://cdn.shopify.com/s/files/1/0692/1981/1587/files/RLL24S37NIV_1.jpg,16
rowie-shoulder-bag-nylon,,https://cdn.shopify.com/s/files/1/0692/1981/1587/files/RLL24S37NIV_2.jpg,17
rowie-shoulder-bag-nylon,,https://cdn.shopify.com/s/files/1/0692/1981/1587/files/RLL24S37NIV_3.jpg,18
rowie-shoulder-bag-nylon,,https://cdn.shopify.com/s/files/1/0692/1981/1587/files/RLL24S37NIV_4.jpg,19
rowie-shoulder-bag-nylon,,https://cdn.shopify.com/s/files/1/0692/1981/1587/files/RLL24S37NIV_5.jpg,20
rowie-shoulder-bag-nylon,,https://cdn.shopify.com/s/files/1/0692/1981/1587/files/RLL24S37NIV_6.jpg,21
rowie-shoulder-bag-nylon,,https://cdn.shopify.com/s/files/1/0692/1981/1587/files/RLL24S37NIV_7.jpg,22
rowie-shoulder-bag-nylon,,https://cdn.shopify.com/s/files/1/0692/1981/1587/files/RLL24S37NIV_8.jpg,23
rowie-shoulder-bag-nylon,,https://cdn.shopify.com/s/files/1/0692/1981/1587/files/RLL24S37NIV_9.jpg,24
rowie-shoulder-bag-nylon,,https://cdn.shopify.com/s/files/1/0692/1981/1587/files/RLL24S37NIV_10.jpg,25
rowie-shoulder-bag-nylon,,https://cdn.shopify.com/s/files/1/0692/1981/1587/files/RLL24S37NIV_11.jpg,26
rowie-shoulder-bag-nylon,,https://cdn.shopify.com/s/files/1/0692/1981/1587/files/RLL24S37NIV_12.jpg,27
rowie-shoulder-bag-nylon,,https://cdn.shopify.com/s/files/1/0692/1981/1587/files/RLL24S37NIV_13.jpg,28
rowie-shoulder-bag-nylon,,https://cdn.shopify.com/s/files/1/0692/1981/1587/files/RLL24S37NIV_14.jpg,29
rowie-shoulder-bag-nylon,,https://cdn.shopify.com/s/files/1/0692/1981/1587/files/RLL24S37NIV_15.jpg,30
tin-square-tote-bag,Tin square tote bag,https://cdn.shopify.com/s/files/1/0692/1981/1587/files/RLL24SA1XBK_0.jpg,1
tin-square-tote-bag,,https://cdn.shopify.com/s/files/1/0692/1981/1587/files/RLL24SA1XBK_1.jpg,2
tin-square-tote-bag,,https://cdn.shopify.com/s/files/1/0692/1981/1587/files/RLL24SA1XBK_2.jpg,3
tin-square-tote-bag,,https://cdn.shopify.com/s/files/1/0692/1981/1587/files/RLL24SA1XBK_3.jpg,4
tin-square-tote-bag,,https://cdn.shopify.com/s/files/1/0692/1981/1587/files/RLL24SA1XBK_4.jpg,5
tin-square-tote-bag,,https://cdn.shopify.com/s/files/1/0692/1981/1587/files/RLL24SA1XBK_5.jpg,6
tin-square-tote-bag,,https://cdn.shopify.com/s/files/1/0692/1981/1587/files/RLL24SA1XBK_6.jpg,7
tin-square-tote-bag,,https://cdn.shopify.com/s/files/1/0692/1981/1587/files/RLL24SA1XBK_7.jpg,8
tin-square-tote-bag,,https://cdn.shopify.com/s/files/1/0692/1981/1587/files/RLL24SA1XBK_8.jpg,9
tin-square-tote-bag,,https://cdn.shopify.com/s/files/1/0692/1981/1587/files/RLL24SA1XBK_9.jpg,10
tin-square-tote-bag,,https://cdn.shopify.com/s/files/1/0692/1981/1587/files/RLL24SA1XBK_10.jpg,11
tin-square-tote-bag,,https://cdn.shopify.com/s/files/1/0692/1981/1587/files/RLL24SA1XBK_11.jpg,12
tin-square-tote-bag,,https://cdn.shopify.com/s/files/1/0692/1981/1587/files/RLL24SA1XBK_12.jpg,13
tin-square-tote-bag,,https://cdn.shopify.com/s/files/1/0692/1981/1587/files/RLL24SA1XBK_13.jpg,14
tin-square-tote-bag,,https://cdn.shopify.com/s/files/1/0692/1981/1587/files/RLL24SA1XBK_14.jpg,15
tin-square-tote-bag,,https://cdn.shopify.com/s/files/1/0692/1981/1587/files/RLL24SA1XBK_15.jpg,16
tin-square-tote-bag,,https://cdn.shopify.com/s/files/1/0692/1981/1587/files/RLL24SA1XBN_0.jpg,17
tin-square-tote-bag,,https://cdn.shopify.com/s/files/1/0692/1981/1587/files/RLL24SA1XBN_1.jpg,18
tin-square-tote-bag,,https://cdn.shopify.com/s/files/1/0692/1981/1587/files/RLL24SA1XBN_2.jpg,19
tin-square-tote-bag,,https://cdn.shopify.com/s/files/1/0692/1981/1587/files/RLL24SA1XBN_3.jpg,20
tin-square-tote-bag,,https://cdn.shopify.com/s/files/1/0692/1981/1587/files/RLL24SA1XBN_4.jpg,21
tin-square-tote-bag,,https://cdn.shopify.com/s/files/1/0692/1981/1587/files/RLL24SA1XBN_5.jpg,22
tin-square-tote-bag,,https://cdn.shopify.com/s/files/1/0692/1981/1587/files/RLL24SA1XBN_6.jpg,23
tin-square-tote-bag,,https://cdn.shopify.com/s/files/1/0692/1981/1587/files/RLL24SA1XBN_7.jpg,24
tin-square-tote-bag,,https://cdn.shopify.com/s/files/1/0692/1981/1587/files/RLL24SA1XBN_8.jpg,25
tin-square-tote-bag,,https://cdn.shopify.com/s/files/1/0692/1981/1587/files/RLL24SA1XBN_9.jpg,26
tin-square-tote-bag,,https://cdn.shopify.com/s/files/1/0692/1981/1587/files/RLL24SA1XBN_10.jpg,27
tin-square-tote-bag,,https://cdn.shopify.com/s/files/1/0692/1981/1587/files/RLL24SA1XBN_11.jpg,28
tin-square-tote-bag,,https://cdn.shopify.com/s/files/1/0692/1981/1587/files/RLL24SA1XBN_12.jpg,29
tin-square-tote-bag,,https://cdn.shopify.com/s/files/1/0692/1981/1587/files/RLL24SA1XBN_13.jpg,30
tin-square-tote-bag,,https://cdn.shopify.com/s/files/1/0692/1981/1587/files/RLL24SA1XBN_14.jpg,31
pulpy-hobo-bag,Pulpy hobo bag,https://cdn.shopify.com/s/files/1/0692/1981/1587/files/RLL24SC6SBK_0.jpg,1
pulpy-hobo-bag,,https://cdn.shopify.com/s/files/1/0692/1981/1587/files/RLL24SC6SBK_1.jpg,2
pulpy-hobo-bag,,https://cdn.shopify.com/s/files/1/0692/1981/1587/files/RLL24SC6SBK_2.jpg,3
pulpy-hobo-bag,,https://cdn.shopify.com/s/files/1/0692/1981/1587/files/RLL24SC6SBK_3.jpg,4
pulpy-hobo-bag,,https://cdn.shopify.com/s/files/1/0692/1981/1587/files/RLL24SC6SBK_4.jpg,5
pulpy-hobo-bag,,https://cdn.shopify.com/s/files/1/0692/1981/1587/files/RLL24SC6SBK_5.jpg,6
pulpy-hobo-bag,,https://cdn.shopify.com/s/files/1/0692/1981/1587/files/RLL24SC6SBK_6.jpg,7
pulpy-hobo-bag,,https://cdn.shopify.com/s/files/1/0692/1981/1587/files/RLL24SC6SBK_7.jpg,8
pulpy-hobo-bag,,https://cdn.shopify.com/s/files/1/0692/1981/1587/files/RLL24SC6SBK_8.jpg,9
pulpy-hobo-bag,,https://cdn.shopify.com/s/files/1/0692/1981/1587/files/RLL24SC6SBK_9.jpg,10
pulpy-hobo-bag,,https://cdn.shopify.com/s/files/1/0692/1981/1587/files/RLL24SC6SBK_10.jpg,11
pulpy-hobo-bag,,https://cdn.shopify.com/s/files/1/0692/1981/1587/files/RLL24SC6SBK_11.jpg,12
pulpy-hobo-bag,,https://cdn.shopify.com/s/files/1/0692/1981/1587/files/RLL24SC6SBK_12.jpg,13
pulpy-hobo-bag,,https://cdn.shopify.com/s/files/1/0692/1981/1587/files/RLL24SC6SBK_13.jpg,14
pulpy-hobo-bag,,https://cdn.shopify.com/s/files/1/0692/1981/1587/files/RLL24SC6SUM_0.jpg,15
pulpy-hobo-bag,,https://cdn.shopify.com/s/files/1/0692/1981/1587/files/RLL24SC6SUM_1.jpg,16
pulpy-hobo-bag,,https://cdn.shopify.com/s/files/1/0692/1981/1587/files/RLL24SC6SUM_2.jpg,17
pulpy-hobo-bag,,https://cdn.shopify.com/s/files/1/0692/1981/1587/files/RLL24SC6SUM_3.jpg,18
pulpy-hobo-bag,,https://cdn.shopify.com/s/files/1/0692/1981/1587/files/RLL24SC6SUM_4.jpg,19
pulpy-hobo-bag,,https://cdn.shopify.com/s/files/1/0692/1981/1587/files/RLL24SC6SUM_5.jpg,20
pulpy-hobo-bag,,https://cdn.shopify.com/s/files/1/0692/1981/1587/files/RLL24SC6SUM_6.jpg,21
pulpy-hobo-bag,,https://cdn.shopify.com/s/files/1/0692/1981/1587/files/RLL24SC6SUM_7.jpg,22
pulpy-hobo-bag,,https://cdn.shopify.com/s/files/1/0692/1981/1587/files/RLL24SC6SUM_8.jpg,23
pulpy-hobo-bag,,https://cdn.shopify.com/s/files/1/0692/1981/1587/files/RLL24SC6SUM_9.jpg,24
pulpy-hobo-bag,,https://cdn.shopify.com/s/files/1/0692/1981/1587/files/RLL24SC6SUM_10.jpg,25
pulpy-hobo-bag,,https://cdn.shopify.com/s/files/1/0692/1981/1587/files/RLL24SC6SUM_11.jpg,26
pulpy-hobo-bag,,https://cdn.shopify.com/s/files/1/0692/1981/1587/files/RLL24SC6SUM_12.jpg,27
pulpy-hobo-bag,,https://cdn.shopify.com/s/files/1/0692/1981/1587/files/RLL24SC6SUM_13.jpg,28
pulpy-hobo-bag,,https://cdn.shopify.com/s/files/1/0692/1981/1587/files/RLL24SC6SIB_0.jpg,29
pulpy-hobo-bag,,https://cdn.shopify.com/s/files/1/0692/1981/1587/files/RLL24SC6SIB_1.jpg,30
pulpy-hobo-bag,,https://cdn.shopify.com/s/files/1/0692/1981/1587/files/RLL24SC6SIB_2.jpg,31
pulpy-hobo-bag,,https://cdn.shopify.com/s/files/1/0692/1981/1587/files/RLL24SC6SIB_3.jpg,32
pulpy-hobo-bag,,https://cdn.shopify.com/s/files/1/0692/1981/1587/files/RLL24SC6SIB_4.jpg,33
pulpy-hobo-bag,,https://cdn.shopify.com/s/files/1/0692/1981/1587/files/RLL24SC6SIB_5.jpg,34
pulpy-hobo-bag,,https://cdn.shopify.com/s/files/1/0692/1981/1587/files/RLL24SC6SIB_6.jpg,35
pulpy-hobo-bag,,https://cdn.shopify.com/s/files/1/0692/1981/1587/files/RLL24SC6SIB_7.jpg,36
pulpy-hobo-bag,,https://cdn.shopify.com/s/files/1/0692/1981/1587/files/RLL24SC6SIB_8.jpg,37
pulpy-hobo-bag,,https://cdn.shopify.com/s/files/1/0692/1981/1587/files/RLL24SC6SIB_9.jpg,38
pulpy-hobo-bag,,https://cdn.shopify.com/s/files/1/0692/1981/1587/files/RLL24SC6SIB_10.jpg,39
pulpy-hobo-bag,,https://cdn.shopify.com/s/files/1/0692/1981/1587/files/RLL24SC6SIB_11.jpg,40
pulpy-hobo-bag,,https://cdn.shopify.com/s/files/1/0692/1981/1587/files/RLL24SC6SIB_12.jpg,41
tin-square-shoulder-bag,Tin square shoulder bag,https://cdn.shopify.com/s/files/1/0692/1981/1587/files/RLL24SF2SBK_0.jpg,1
tin-square-shoulder-bag,,https://cdn.shopify.com/s/files/1/0692/1981/1587/files/RLL24SF2SBK_1.jpg,2
tin-square-shoulder-bag,,https://cdn.shopify.com/s/files/1/0692/1981/1587/files/RLL24SF2SBK_2.jpg,3
tin-square-shoulder-bag,,https://cdn.shopify.com/s/files/1/0692/1981/1587/files/RLL24SF2SBK_3.jpg,4
tin-square-shoulder-bag,,https://cdn.shopify.com/s/files/1/0692/1981/1587/files/RLL24SF2SBK_4.jpg,5
tin-square-shoulder-bag,,https://cdn.shopify.com/s/files/1/0692/1981/1587/files/RLL24SF2SBK_5.jpg,6
tin-square-shoulder-bag,,https://cdn.shopify.com/s/files/1/0692/1981/1587/files/RLL24SF2SBK_6.jpg,7
tin-square-shoulder-bag,,https://cdn.shopify.com/s/files/1/0692/1981/1587/files/RLL24SF2SBK_7.jpg,8
tin-square-shoulder-bag,,https://cdn.shopify.com/s/files/1/0692/1981/1587/files/RLL24SF2SBK_8.jpg,9
tin-square-shoulder-bag,,https://cdn.shopify.com/s/files/1/0692/1981/1587/files/RLL24SF2SBK_9.jpg,10
tin-square-shoulder-bag,,https://cdn.shopify.com/s/files/1/0692/1981/1587/files/RLL24SF2SBK_10.jpg,11
tin-square-shoulder-bag,,https://cdn.shopify.com/s/files/1/0692/1981/1587/files/RLL24SF2SBK_11.jpg,12
tin-square-shoulder-bag,,https://cdn.shopify.com/s/files/1/0692/1981/1587/files/RLL24SF2SBK_12.jpg,13
tin-square-shoulder-bag,,https://cdn.shopify.com/s/files/1/0692/1981/1587/files/RLL24SF2SBK_13.jpg,14
tin-square-shoulder-bag,,https://cdn.shopify.com/s/files/1/0692/1981/1587/files/RLL24SF2SBK_14.jpg,15
tin-square-shoulder-bag,,https://cdn.shopify.com/s/files/1/0692/1981/1587/files/RLL24SF2SBK_15.jpg,16
tin-square-shoulder-bag,,https://cdn.shopify.com/s/files/1/0692/1981/1587/files/RLL24SF2SBK_16.jpg,17
tin-square-shoulder-bag,,https://cdn.shopify.com/s/files/1/0692/1981/1587/files/RLL24SF2SUM_0.jpg,18
tin-square-shoulder-bag,,https://cdn.shopify.com/s/files/1/0692/1981/1587/files/RLL24SF2SUM_1.jpg,19
tin-square-shoulder-bag,,https://cdn.shopify.com/s/files/1/0692/1981/1587/files/RLL24SF2SUM_2.jpg,20
tin-square-shoulder-bag,,https://cdn.shopify.com/s/files/1/0692/1981/1587/files/RLL24SF2SUM_3.jpg,21
tin-square-shoulder-bag,,https://cdn.shopify.com/s/files/1/0692/1981/1587/files/RLL24SF2SUM_4.jpg,22
tin-square-shoulder-bag,,https://cdn.shopify.com/s/files/1/0692/1981/1587/files/RLL24SF2SUM_5.jpg,23
tin-square-shoulder-bag,,https://cdn.shopify.com/s/files/1/0692/1981/1587/files/RLL24SF2SUM_6.jpg,24
tin-square-shoulder-bag,,https://cdn.shopify.com/s/files/1/0692/1981/1587/files/RLL24SF2SUM_7.jpg,25
tin-square-shoulder-bag,,https://cdn.shopify.com/s/files/1/0692/1981/1587/files/RLL24SF2SUM_8.jpg,26
tin-square-shoulder-bag,,https://cdn.shopify.com/s/files/1/0692/1981/1587/files/RLL24SF2SUM_9.jpg,27
tin-square-shoulder-bag,,https://cdn.shopify.com/s/files/1/0692/1981/1587/files/RLL24SF2SUM_10.jpg,28
tin-square-shoulder-bag,,https://cdn.shopify.com/s/files/1/0692/1981/1587/files/RLL24SF2SUM_11.jpg,29
tin-square-shoulder-bag,,https://cdn.shopify.com/s/files/1/0692/1981/1587/files/RLL24SF2SUM_12.jpg,30
tin-square-shoulder-bag,,https://cdn.shopify.com/s/files/1/0692/1981/1587/files/RLL24SF2SUM_13.jpg,31
tin-square-shoulder-bag,,https://cdn.shopify.com/s/files/1/0692/1981/1587/files/RLL24SF2SUM_14.jpg,32
tin-square-shoulder-bag,,https://cdn.shopify.com/s/files/1/0692/1981/1587/files/RLL24SF2SIV_0.jpg,33
tin-square-shoulder-bag,,https://cdn.shopify.com/s/files/1/0692/1981/1587/files/RLL24SF2SIV_1.jpg,34
tin-square-shoulder-bag,,https://cdn.shopify.com/s/files/1/0692/1981/1587/files/RLL24SF2SIV_2.jpg,35
tin-square-shoulder-bag,,https://cdn.shopify.com/s/files/1/0692/1981/1587/files/RLL24SF2SIV_3.jpg,36
tin-square-shoulder-bag,,https://cdn.shopify.com/s/files/1/0692/1981/1587/files/RLL24SF2SIV_4.jpg,37
tin-square-shoulder-bag,,https://cdn.shopify.com/s/files/1/0692/1981/1587/files/RLL24SF2SIV_6.jpg,38
tin-square-shoulder-bag,,https://cdn.shopify.com/s/files/1/0692/1981/1587/files/RLL24SF2SIV_7.jpg,39
tin-square-shoulder-bag,,https://cdn.shopify.com/s/files/1/0692/1981/1587/files/RLL24SF2SIV_8.jpg,40
tin-square-shoulder-bag,,https://cdn.shopify.com/s/files/1/0692/1981/1587/files/RLL24SF2SIV_9.jpg,41
tin-square-shoulder-bag,,https://cdn.shopify.com/s/files/1/0692/1981/1587/files/RLL24SF2SIV_10.jpg,42
tin-square-shoulder-bag,,https://cdn.shopify.com/s/files/1/0692/1981/1587/files/RLL24SF2SIV_11.jpg,43
tin-square-shoulder-bag,,https://cdn.shopify.com/s/files/1/0692/1981/1587/files/RLL24SF2SIV_12.jpg,44
tin-square-shoulder-bag,,https://cdn.shopify.com/s/files/1/0692/1981/1587/files/RLL24SF2SIV_13.jpg,45
tin-square-shoulder-bag,,https://cdn.shopify.com/s/files/1/0692/1981/1587/files/RLL24SF2SIV_14.jpg,46
tin-square-shoulder-bag,,https://cdn.shopify.com/s/files/1/0692/1981/1587/files/RLL24SF2SIV_15.jpg,47
tin-square-shoulder-bag,,https://cdn.shopify.com/s/files/1/0692/1981/1587/files/RLL24SF2SIV_16.jpg,48
tin-square-shoulder-bag,,https://cdn.shopify.com/s/files/1/0692/1981/1587/files/RLL24SF2SIV_17.jpg,49
monks-backpack,Monks backpack,https://cdn.shopify.com/s/files/1/0692/1981/1587/files/RLL24SF3NBK_0.jpg,1
monks-backpack,,https://cdn.shopify.com/s/files/1/0692/1981/1587/files/RLL24SF3NBK_1.jpg,2
monks-backpack,,https://cdn.shopify.com/s/files/1/0692/1981/1587/files/RLL24SF3NBK_2.jpg,3
monks-backpack,,https://cdn.shopify.com/s/files/1/0692/1981/1587/files/RLL24SF3NBK_3.jpg,4
monks-backpack,,https://cdn.shopify.com/s/files/1/0692/1981/1587/files/RLL24SF3NBK_4.jpg,5
monks-backpack,,https://cdn.shopify.com/s/files/1/0692/1981/1587/files/RLL24SF3NBK_5.jpg,6
monks-backpack,,https://cdn.shopify.com/s/files/1/0692/1981/1587/files/RLL24SF3NBK_6.jpg,7
monks-backpack,,https://cdn.shopify.com/s/files/1/0692/1981/1587/files/RLL24SF3NBK_7.jpg,8
monks-backpack,,https://cdn.shopify.com/s/files/1/0692/1981/1587/files/RLL24SF3NBK_8.jpg,9
monks-backpack,,https://cdn.shopify.com/s/files/1/0692/1981/1587/files/RLL24SF3NBK_9.jpg,10
monks-backpack,,https://cdn.shopify.com/s/files/1/0692/1981/1587/files/RLL24SF3NBK_10.jpg,11
monks-backpack,,https://cdn.shopify.com/s/files/1/0692/1981/1587/files/RLL24SF3NBK_11.jpg,12
monks-backpack,,https://cdn.shopify.com/s/files/1/0692/1981/1587/files/RLL24SF3NMC_0.jpg,13
monks-backpack,,https://cdn.shopify.com/s/files/1/0692/1981/1587/files/RLL24SF3NMC_1.jpg,14
monks-backpack,,https://cdn.shopify.com/s/files/1/0692/1981/1587/files/RLL24SF3NMC_2.jpg,15
monks-backpack,,https://cdn.shopify.com/s/files/1/0692/1981/1587/files/RLL24SF3NMC_3.jpg,16
monks-backpack,,https://cdn.shopify.com/s/files/1/0692/1981/1587/files/RLL24SF3NMC_4.jpg,17
monks-backpack,,https://cdn.shopify.com/s/files/1/0692/1981/1587/files/RLL24SF3NMC_5.jpg,18
monks-backpack,,https://cdn.shopify.com/s/files/1/0692/1981/1587/files/RLL24SF3NMC_6.jpg,19
monks-backpack,,https://cdn.shopify.com/s/files/1/0692/1981/1587/files/RLL24SF3NMC_7.jpg,20
monks-backpack,,https://cdn.shopify.com/s/files/1/0692/1981/1587/files/RLL24SF3NMC_8.jpg,21
monks-backpack,,https://cdn.shopify.com/s/files/1/0692/1981/1587/files/RLL24SF3NMC_9.jpg,22
monks-backpack,,https://cdn.shopify.com/s/files/1/0692/1981/1587/files/RLL24SF3NMC_10.jpg,23
monks-backpack,,https://cdn.shopify.com/s/files/1/0692/1981/1587/files/RLL24SF3NMC_11.jpg,24
monks-backpack,,https://cdn.shopify.com/s/files/1/0692/1981/1587/files/RLL24SF3NMC_12.jpg,25
monks-backpack,,https://cdn.shopify.com/s/files/1/0692/1981/1587/files/RLL24SF3NMU_0.jpg,26
monks-backpack,,https://cdn.shopify.com/s/files/1/0692/1981/1587/files/RLL24SF3NMU_1.jpg,27
monks-backpack,,https://cdn.shopify.com/s/files/1/0692/1981/1587/files/RLL24SF3NMU_2.jpg,28
monks-backpack,,https://cdn.shopify.com/s/files/1/0692/1981/1587/files/RLL24SF3NMU_3.jpg,29
monks-backpack,,https://cdn.shopify.com/s/files/1/0692/1981/1587/files/RLL24SF3NMU_4.jpg,30
monks-backpack,,https://cdn.shopify.com/s/files/1/0692/1981/1587/files/RLL24SF3NMU_5.jpg,31
monks-backpack,,https://cdn.shopify.com/s/files/1/0692/1981/1587/files/RLL24SF3NMU_6.jpg,32
monks-backpack,,https://cdn.shopify.com/s/files/1/0692/1981/1587/files/RLL24SF3NMU_7.jpg,33
monks-backpack,,https://cdn.shopify.com/s/files/1/0692/1981/1587/files/RLL24SF3NMU_8.jpg,34
monks-backpack,,https://cdn.shopify.com/s/files/1/0692/1981/1587/files/RLL24SF3NMU_9.jpg,35
monks-backpack,,https://cdn.shopify.com/s/files/1/0692/1981/1587/files/RLL24SF3NMU_10.jpg,36
monks-backpack,,https://cdn.shopify.com/s/files/1/0692/1981/1587/files/RLL24SF3NMU_11.jpg,37
tin-square-medium-tote-bag,Tin square medium tote bag,https://cdn.shopify.com/s/files/1/0692/1981/1587/files/RLL24SF1XBK_0.jpg,1
tin-square-medium-tote-bag,,https://cdn.shopify.com/s/files/1/0692/1981/1587/files/RLL24SF1XBK_1.jpg,2
tin-square-medium-tote-bag,,https://cdn.shopify.com/s/files/1/0692/1981/1587/files/RLL24SF1XBK_2.jpg,3
tin-square-medium-tote-bag,,https://cdn.shopify.com/s/files/1/0692/1981/1587/files/RLL24SF1XBK_3.jpg,4
tin-square-medium-tote-bag,,https://cdn.shopify.com/s/files/1/0692/1981/1587/files/RLL24SF1XBK_4.jpg,5
tin-square-medium-tote-bag,,https://cdn.shopify.com/s/files/1/0692/1981/1587/files/RLL24SF1XBK_5.jpg,6
tin-square-medium-tote-bag,,https://cdn.shopify.com/s/files/1/0692/1981/1587/files/RLL24SF1XBK_6.jpg,7
tin-square-medium-tote-bag,,https://cdn.shopify.com/s/files/1/0692/1981/1587/files/RLL24SF1XBK_7.jpg,8
tin-square-medium-tote-bag,,https://cdn.shopify.com/s/files/1/0692/1981/1587/files/RLL24SF1XBK_8.jpg,9
tin-square-medium-tote-bag,,https://cdn.shopify.com/s/files/1/0692/1981/1587/files/RLL24SF1XBK_9.jpg,10
tin-square-medium-tote-bag,,https://cdn.shopify.com/s/files/1/0692/1981/1587/files/RLL24SF1XBK_10.jpg,11
tin-square-medium-tote-bag,,https://cdn.shopify.com/s/files/1/0692/1981/1587/files/RLL24SF1XBK_11.jpg,12
tin-square-medium-tote-bag,,https://cdn.shopify.com/s/files/1/0692/1981/1587/files/RLL24SF1XBK_12.jpg,13
tin-square-medium-tote-bag,,https://cdn.shopify.com/s/files/1/0692/1981/1587/files/RLL24SF1XBK_13.jpg,14
tin-square-medium-tote-bag,,https://cdn.shopify.com/s/files/1/0692/1981/1587/files/RLL24SF1XBK_14.jpg,15
tin-square-medium-tote-bag,,https://cdn.shopify.com/s/files/1/0692/1981/1587/files/RLL24SF1XBK_15.jpg,16
tin-square-medium-tote-bag,,https://cdn.shopify.com/s/files/1/0692/1981/1587/files/RLL24SF1XBK_16.jpg,17
tin-square-medium-tote-bag,,https://cdn.shopify.com/s/files/1/0692/1981/1587/files/RLL24SF1XBK_17.jpg,18
tin-square-medium-tote-bag,,https://cdn.shopify.com/s/files/1/0692/1981/1587/files/RLL24SF1XBK_18.jpg,19
tin-square-medium-tote-bag,,https://cdn.shopify.com/s/files/1/0692/1981/1587/files/RLL24SF1XBN_0.jpg,20
tin-square-medium-tote-bag,,https://cdn.shopify.com/s/files/1/0692/1981/1587/files/RLL24SF1XBN_1.jpg,21
tin-square-medium-tote-bag,,https://cdn.shopify.com/s/files/1/0692/1981/1587/files/RLL24SF1XBN_2.jpg,22
tin-square-medium-tote-bag,,https://cdn.shopify.com/s/files/1/0692/1981/1587/files/RLL24SF1XBN_3.jpg,23
tin-square-medium-tote-bag,,https://cdn.shopify.com/s/files/1/0692/1981/1587/files/RLL24SF1XBN_4.jpg,24
tin-square-medium-tote-bag,,https://cdn.shopify.com/s/files/1/0692/1981/1587/files/RLL24SF1XBN_5.jpg,25
tin-square-medium-tote-bag,,https://cdn.shopify.com/s/files/1/0692/1981/1587/files/RLL24SF1XBN_6.jpg,26
tin-square-medium-tote-bag,,https://cdn.shopify.com/s/files/1/0692/1981/1587/files/RLL24SF1XBN_7.jpg,27
tin-square-medium-tote-bag,,https://cdn.shopify.com/s/files/1/0692/1981/1587/files/RLL24SF1XBN_8.jpg,28
tin-square-medium-tote-bag,,https://cdn.shopify.com/s/files/1/0692/1981/1587/files/RLL24SF1XBN_9.jpg,29
tin-square-medium-tote-bag,,https://cdn.shopify.com/s/files/1/0692/1981/1587/files/RLL24SF1XBN_10.jpg,30
tin-square-medium-tote-bag,,https://cdn.shopify.com/s/files/1/0692/1981/1587/files/RLL24SF1XBN_11.jpg,31
tin-square-medium-tote-bag,,https://cdn.shopify.com/s/files/1/0692/1981/1587/files/RLL24SF1XBN_12.jpg,32
tin-square-medium-tote-bag,,https://cdn.shopify.com/s/files/1/0692/1981/1587/files/RLL24SF1XBN_13.jpg,33
tin-square-medium-tote-bag,,https://cdn.shopify.com/s/files/1/0692/1981/1587/files/RLL24SF1XBN_14.jpg,34
tin-square-medium-tote-bag,,https://cdn.shopify.com/s/files/1/0692/1981/1587/files/RLL24SF1XBN_15.jpg,35
tin-square-mini-tote-bag-jute,Tin square mini tote bag Jute,https://cdn.shopify.com/s/files/1/0692/1981/1587/files/RLL24SA2FBK_0.jpg,1
tin-square-mini-tote-bag-jute,,https://cdn.shopify.com/s/files/1/0692/1981/1587/files/RLL24SA2FBK_1.jpg,2
tin-square-mini-tote-bag-jute,,https://cdn.shopify.com/s/files/1/0692/1981/1587/files/RLL24SA2FBK_2.jpg,3
tin-square-mini-tote-bag-jute,,https://cdn.shopify.com/s/files/1/0692/1981/1587/files/RLL24SA2FBK_3.jpg,4
tin-square-mini-tote-bag-jute,,https://cdn.shopify.com/s/files/1/0692/1981/1587/files/RLL24SA2FBK_4.jpg,5
tin-square-mini-tote-bag-jute,,https://cdn.shopify.com/s/files/1/0692/1981/1587/files/RLL24SA2FBK_5.jpg,6
tin-square-mini-tote-bag-jute,,https://cdn.shopify.com/s/files/1/0692/1981/1587/files/RLL24SA2FBK_6.jpg,7
tin-square-mini-tote-bag-jute,,https://cdn.shopify.com/s/files/1/0692/1981/1587/files/RLL24SA2FBK_7.jpg,8
tin-square-mini-tote-bag-jute,,https://cdn.shopify.com/s/files/1/0692/1981/1587/files/RLL24SA2FBK_8.jpg,9
tin-square-mini-tote-bag-jute,,https://cdn.shopify.com/s/files/1/0692/1981/1587/files/RLL24SA2FBK_9.jpg,10
tin-square-mini-tote-bag-jute,,https://cdn.shopify.com/s/files/1/0692/1981/1587/files/RLL24SA2FBK_10.jpg,11
tin-square-mini-tote-bag-jute,,https://cdn.shopify.com/s/files/1/0692/1981/1587/files/RLL24SA2FBK_11.jpg,12
tin-square-mini-tote-bag-jute,,https://cdn.shopify.com/s/files/1/0692/1981/1587/files/RLL24SA2FBK_12.jpg,13
tin-square-mini-tote-bag-jute,,https://cdn.shopify.com/s/files/1/0692/1981/1587/files/RLL24SA2FBK_13.jpg,14
tin-square-mini-tote-bag-jute,,https://cdn.shopify.com/s/files/1/0692/1981/1587/files/RLL24SA2FBK_14.jpg,15
tin-square-mini-tote-bag-jute,,https://cdn.shopify.com/s/files/1/0692/1981/1587/files/RLL24SA2FBK_15.jpg,16
tin-square-mini-tote-bag-jute,,https://cdn.shopify.com/s/files/1/0692/1981/1587/files/RLL24SA2FCT_0.jpg,17
tin-square-mini-tote-bag-jute,,https://cdn.shopify.com/s/files/1/0692/1981/1587/files/RLL24SA2FCT_1.jpg,18
tin-square-mini-tote-bag-jute,,https://cdn.shopify.com/s/files/1/0692/1981/1587/files/RLL24SA2FCT_2.jpg,19
tin-square-mini-tote-bag-jute,,https://cdn.shopify.com/s/files/1/0692/1981/1587/files/RLL24SA2FCT_3.jpg,20
tin-square-mini-tote-bag-jute,,https://cdn.shopify.com/s/files/1/0692/1981/1587/files/RLL24SA2FCT_4.jpg,21
tin-square-mini-tote-bag-jute,,https://cdn.shopify.com/s/files/1/0692/1981/1587/files/RLL24SA2FCT_5.jpg,22
tin-square-mini-tote-bag-jute,,https://cdn.shopify.com/s/files/1/0692/1981/1587/files/RLL24SA2FCT_6.jpg,23
tin-square-mini-tote-bag-jute,,https://cdn.shopify.com/s/files/1/0692/1981/1587/files/RLL24SA2FCT_7.jpg,24
tin-square-mini-tote-bag-jute,,https://cdn.shopify.com/s/files/1/0692/1981/1587/files/RLL24SA2FCT_8.jpg,25
tin-square-mini-tote-bag-jute,,https://cdn.shopify.com/s/files/1/0692/1981/1587/files/RLL24SA2FCT_9.jpg,26
tin-square-mini-tote-bag-jute,,https://cdn.shopify.com/s/files/1/0692/1981/1587/files/RLL24SA2FCT_10.jpg,27
tin-square-mini-tote-bag-jute,,https://cdn.shopify.com/s/files/1/0692/1981/1587/files/RLL24SA2FCT_11.jpg,28
tin-square-mini-tote-bag-jute,,https://cdn.shopify.com/s/files/1/0692/1981/1587/files/RLL24SA2FCT_12.jpg,29
tin-square-mini-tote-bag-jute,,https://cdn.shopify.com/s/files/1/0692/1981/1587/files/RLL24SA2FCT_13.jpg,30
tin-square-mini-tote-bag-jute,,https://cdn.shopify.com/s/files/1/0692/1981/1587/files/RLL24SA2FCT_14.jpg,31
tin-square-mini-tote-bag-jute,,https://cdn.shopify.com/s/files/1/0692/1981/1587/files/RLL24SA2FCT_15.jpg,32
mini-pulpy-hobo-bag-jute,Mini pulpy hobo bag Jute,https://cdn.shopify.com/s/files/1/0692/1981/1587/files/RLL24SC7FBK_0.jpg,1
mini-pulpy-hobo-bag-jute,,https://cdn.shopify.com/s/files/1/0692/1981/1587/files/RLL24SC7FBK_1.jpg,2
mini-pulpy-hobo-bag-jute,,https://cdn.shopify.com/s/files/1/0692/1981/1587/files/RLL24SC7FBK_2.jpg,3
mini-pulpy-hobo-bag-jute,,https://cdn.shopify.com/s/files/1/0692/1981/1587/files/RLL24SC7FBK_3.jpg,4
mini-pulpy-hobo-bag-jute,,https://cdn.shopify.com/s/files/1/0692/1981/1587/files/RLL24SC7FBK_4.jpg,5
mini-pulpy-hobo-bag-jute,,https://cdn.shopify.com/s/files/1/0692/1981/1587/files/RLL24SC7FBK_5.jpg,6
mini-pulpy-hobo-bag-jute,,https://cdn.shopify.com/s/files/1/0692/1981/1587/files/RLL24SC7FBK_6.jpg,7
mini-pulpy-hobo-bag-jute,,https://cdn.shopify.com/s/files/1/0692/1981/1587/files/RLL24SC7FBK_7.jpg,8
mini-pulpy-hobo-bag-jute,,https://cdn.shopify.com/s/files/1/0692/1981/1587/files/RLL24SC7FBK_8.jpg,9
mini-pulpy-hobo-bag-jute,,https://cdn.shopify.com/s/files/1/0692/1981/1587/files/RLL24SC7FBK_9.jpg,10
mini-pulpy-hobo-bag-jute,,https://cdn.shopify.com/s/files/1/0692/1981/1587/files/RLL24SC7FBK_10.jpg,11
mini-pulpy-hobo-bag-jute,,https://cdn.shopify.com/s/files/1/0692/1981/1587/files/RLL24SC7FBK_11.jpg,12
mini-pulpy-hobo-bag-jute,,https://cdn.shopify.com/s/files/1/0692/1981/1587/files/RLL24SC7FBK_12.jpg,13
mini-pulpy-hobo-bag-jute,,https://cdn.shopify.com/s/files/1/0692/1981/1587/files/RLL24SC7FBK_13.jpg,14
mini-pulpy-hobo-bag-jute,,https://cdn.shopify.com/s/files/1/0692/1981/1587/files/RLL24SC7FBK_14.jpg,15
mini-pulpy-hobo-bag-jute,,https://cdn.shopify.com/s/files/1/0692/1981/1587/files/RLL24SC7FBK_15.jpg,16
mini-pulpy-hobo-bag-jute,,https://cdn.shopify.com/s/files/1/0692/1981/1587/files/RLL24SC7FCT_0.jpg,17
mini-pulpy-hobo-bag-jute,,https://cdn.shopify.com/s/files/1/0692/1981/1587/files/RLL24SC7FCT_1.jpg,18
mini-pulpy-hobo-bag-jute,,https://cdn.shopify.com/s/files/1/0692/1981/1587/files/RLL24SC7FCT_2.jpg,19
mini-pulpy-hobo-bag-jute,,https://cdn.shopify.com/s/files/1/0692/1981/1587/files/RLL24SC7FCT_3.jpg,20
mini-pulpy-hobo-bag-jute,,https://cdn.shopify.com/s/files/1/0692/1981/1587/files/RLL24SC7FCT_4.jpg,21
mini-pulpy-hobo-bag-jute,,https://cdn.shopify.com/s/files/1/0692/1981/1587/files/RLL24SC7FCT_5.jpg,22
mini-pulpy-hobo-bag-jute,,https://cdn.shopify.com/s/files/1/0692/1981/1587/files/RLL24SC7FCT_6.jpg,23
mini-pulpy-hobo-bag-jute,,https://cdn.shopify.com/s/files/1/0692/1981/1587/files/RLL24SC7FCT_7.jpg,24
mini-pulpy-hobo-bag-jute,,https://cdn.shopify.com/s/files/1/0692/1981/1587/files/RLL24SC7FCT_8.jpg,25
mini-pulpy-hobo-bag-jute,,https://cdn.shopify.com/s/files/1/0692/1981/1587/files/RLL24SC7FCT_9.jpg,26
mini-pulpy-hobo-bag-jute,,https://cdn.shopify.com/s/files/1/0692/1981/1587/files/RLL24SC7FCT_10.jpg,27
mini-pulpy-hobo-bag-jute,,https://cdn.shopify.com/s/files/1/0692/1981/1587/files/RLL24SC7FCT_11.jpg,28
mini-pulpy-hobo-bag-jute,,https://cdn.shopify.com/s/files/1/0692/1981/1587/files/RLL24SC7FCT_12.jpg,29
mini-pulpy-hobo-bag-jute,,https://cdn.shopify.com/s/files/1/0692/1981/1587/files/RLL24SC7FCT_13.jpg,30
pulpy-hobo-bag-jute,Pulpy hobo bag Jute,https://cdn.shopify.com/s/files/1/0692/1981/1587/files/RLL24SC6FBK_0.jpg,1
pulpy-hobo-bag-jute,,https://cdn.shopify.com/s/files/1/0692/1981/1587/files/RLL24SC6FBK_1.jpg,2
pulpy-hobo-bag-jute,,https://cdn.shopify.com/s/files/1/0692/1981/1587/files/RLL24SC6FBK_2.jpg,3
pulpy-hobo-bag-jute,,https://cdn.shopify.com/s/files/1/0692/1981/1587/files/RLL24SC6FBK_3.jpg,4
pulpy-hobo-bag-jute,,https://cdn.shopify.com/s/files/1/0692/1981/1587/files/RLL24SC6FBK_4.jpg,5
pulpy-hobo-bag-jute,,https://cdn.shopify.com/s/files/1/0692/1981/1587/files/RLL24SC6FBK_5.jpg,6
pulpy-hobo-bag-jute,,https://cdn.shopify.com/s/files/1/0692/1981/1587/files/RLL24SC6FBK_6.jpg,7
pulpy-hobo-bag-jute,,https://cdn.shopify.com/s/files/1/0692/1981/1587/files/RLL24SC6FBK_7.jpg,8
pulpy-hobo-bag-jute,,https://cdn.shopify.com/s/files/1/0692/1981/1587/files/RLL24SC6FBK_8.jpg,9
pulpy-hobo-bag-jute,,https://cdn.shopify.com/s/files/1/0692/1981/1587/files/RLL24SC6FBK_9.jpg,10
pulpy-hobo-bag-jute,,https://cdn.shopify.com/s/files/1/0692/1981/1587/files/RLL24SC6FBK_10.jpg,11
pulpy-hobo-bag-jute,,https://cdn.shopify.com/s/files/1/0692/1981/1587/files/RLL24SC6FBK_11.jpg,12
pulpy-hobo-bag-jute,,https://cdn.shopify.com/s/files/1/0692/1981/1587/files/RLL24SC6FBK_12.jpg,13
pulpy-hobo-bag-jute,,https://cdn.shopify.com/s/files/1/0692/1981/1587/files/RLL24SC6FBK_13.jpg,14
pulpy-hobo-bag-jute,,https://cdn.shopify.com/s/files/1/0692/1981/1587/files/RLL24SC6FBK_14.jpg,15
pulpy-hobo-bag-jute,,https://cdn.shopify.com/s/files/1/0692/1981/1587/files/RLL24SC6FCT_0.jpg,16
pulpy-hobo-bag-jute,,https://cdn.shopify.com/s/files/1/0692/1981/1587/files/RLL24SC6FCT_1.jpg,17
pulpy-hobo-bag-jute,,https://cdn.shopify.com/s/files/1/0692/1981/1587/files/RLL24SC6FCT_2.jpg,18
pulpy-hobo-bag-jute,,https://cdn.shopify.com/s/files/1/0692/1981/1587/files/RLL24SC6FCT_3.jpg,19
pulpy-hobo-bag-jute,,https://cdn.shopify.com/s/files/1/0692/1981/1587/files/RLL24SC6FCT_4.jpg,20
pulpy-hobo-bag-jute,,https://cdn.shopify.com/s/files/1/0692/1981/1587/files/RLL24SC6FCT_5.jpg,21
pulpy-hobo-bag-jute,,https://cdn.shopify.com/s/files/1/0692/1981/1587/files/RLL24SC6FCT_6.jpg,22
pulpy-hobo-bag-jute,,https://cdn.shopify.com/s/files/1/0692/1981/1587/files/RLL24SC6FCT_7.jpg,23
pulpy-hobo-bag-jute,,https://cdn.shopify.com/s/files/1/0692/1981/1587/files/RLL24SC6FCT_8.jpg,24
pulpy-hobo-bag-jute,,https://cdn.shopify.com/s/files/1/0692/1981/1587/files/RLL24SC6FCT_9.jpg,25
pulpy-hobo-bag-jute,,https://cdn.shopify.com/s/files/1/0692/1981/1587/files/RLL24SC6FCT_10.jpg,26
pulpy-hobo-bag-jute,,https://cdn.shopify.com/s/files/1/0692/1981/1587/files/RLL24SC6FCT_11.jpg,27
pulpy-hobo-bag-jute,,https://cdn.shopify.com/s/files/1/0692/1981/1587/files/RLL24SC6FCT_12.jpg,28
pulpy-hobo-bag-jute,,https://cdn.shopify.com/s/files/1/0692/1981/1587/files/RLL24SC6FCT_13.jpg,29
around-hobo-bag-jute,Around hobo bag Jute,https://cdn.shopify.com/s/files/1/0692/1981/1587/files/RLL24SC1FBK_0.jpg,1
around-hobo-bag-jute,,https://cdn.shopify.com/s/files/1/0692/1981/1587/files/RLL24SC1FBK_1.jpg,2
around-hobo-bag-jute,,https://cdn.shopify.com/s/files/1/0692/1981/1587/files/RLL24SC1FBK_2.jpg,3
around-hobo-bag-jute,,https://cdn.shopify.com/s/files/1/0692/1981/1587/files/RLL24SC1FBK_3.jpg,4
around-hobo-bag-jute,,https://cdn.shopify.com/s/files/1/0692/1981/1587/files/RLL24SC1FBK_4.jpg,5
around-hobo-bag-jute,,https://cdn.shopify.com/s/files/1/0692/1981/1587/files/RLL24SC1FBK_5.jpg,6
around-hobo-bag-jute,,https://cdn.shopify.com/s/files/1/0692/1981/1587/files/RLL24SC1FBK_6.jpg,7
around-hobo-bag-jute,,https://cdn.shopify.com/s/files/1/0692/1981/1587/files/RLL24SC1FBK_7.jpg,8
around-hobo-bag-jute,,https://cdn.shopify.com/s/files/1/0692/1981/1587/files/RLL24SC1FBK_8.jpg,9
around-hobo-bag-jute,,https://cdn.shopify.com/s/files/1/0692/1981/1587/files/RLL24SC1FBK_9.jpg,10
around-hobo-bag-jute,,https://cdn.shopify.com/s/files/1/0692/1981/1587/files/RLL24SC1FBK_10.jpg,11
around-hobo-bag-jute,,https://cdn.shopify.com/s/files/1/0692/1981/1587/files/RLL24SC1FBK_11.jpg,12
around-hobo-bag-jute,,https://cdn.shopify.com/s/files/1/0692/1981/1587/files/RLL24SC1FBK_12.jpg,13
around-hobo-bag-jute,,https://cdn.shopify.com/s/files/1/0692/1981/1587/files/RLL24SC1FBK_13.jpg,14
around-hobo-bag-jute,,https://cdn.shopify.com/s/files/1/0692/1981/1587/files/RLL24SC1FBK_14.jpg,15
around-hobo-bag-jute,,https://cdn.shopify.com/s/files/1/0692/1981/1587/files/RLL24SC1FBK_15.jpg,16
around-hobo-bag-jute,,https://cdn.shopify.com/s/files/1/0692/1981/1587/files/RLL24SC1FCT_0.jpg,17
around-hobo-bag-jute,,https://cdn.shopify.com/s/files/1/0692/1981/1587/files/RLL24SC1FCT_1.jpg,18
around-hobo-bag-jute,,https://cdn.shopify.com/s/files/1/0692/1981/1587/files/RLL24SC1FCT_2.jpg,19
around-hobo-bag-jute,,https://cdn.shopify.com/s/files/1/0692/1981/1587/files/RLL24SC1FCT_3.jpg,20
around-hobo-bag-jute,,https://cdn.shopify.com/s/files/1/0692/1981/1587/files/RLL24SC1FCT_4.jpg,21
around-hobo-bag-jute,,https://cdn.shopify.com/s/files/1/0692/1981/1587/files/RLL24SC1FCT_5.jpg,22
around-hobo-bag-jute,,https://cdn.shopify.com/s/files/1/0692/1981/1587/files/RLL24SC1FCT_6.jpg,23
around-hobo-bag-jute,,https://cdn.shopify.com/s/files/1/0692/1981/1587/files/RLL24SC1FCT_7.jpg,24
around-hobo-bag-jute,,https://cdn.shopify.com/s/files/1/0692/1981/1587/files/RLL24SC1FCT_8.jpg,25
around-hobo-bag-jute,,https://cdn.shopify.com/s/files/1/0692/1981/1587/files/RLL24SC1FCT_9.jpg,26
around-hobo-bag-jute,,https://cdn.shopify.com/s/files/1/0692/1981/1587/files/RLL24SC1FCT_10.jpg,27
around-hobo-bag-jute,,https://cdn.shopify.com/s/files/1/0692/1981/1587/files/RLL24SC1FCT_11.jpg,28
around-hobo-bag-jute,,https://cdn.shopify.com/s/files/1/0692/1981/1587/files/RLL24SC1FCT_12.jpg,29
around-hobo-bag-jute,,https://cdn.shopify.com/s/files/1/0692/1981/1587/files/RLL24SC1FCT_13.jpg,30
mini-around-hobo-bag-jute,Mini around hobo bag Jute,https://cdn.shopify.com/s/files/1/0692/1981/1587/files/RLL24S66FBK_0.jpg,1
mini-around-hobo-bag-jute,,https://cdn.shopify.com/s/files/1/0692/1981/1587/files/RLL24S66FBK_1.jpg,2
mini-around-hobo-bag-jute,,https://cdn.shopify.com/s/files/1/0692/1981/1587/files/RLL24S66FBK_2.jpg,3
mini-around-hobo-bag-jute,,https://cdn.shopify.com/s/files/1/0692/1981/1587/files/RLL24S66FBK_3.jpg,4
mini-around-hobo-bag-jute,,https://cdn.shopify.com/s/files/1/0692/1981/1587/files/RLL24S66FBK_4.jpg,5
mini-around-hobo-bag-jute,,https://cdn.shopify.com/s/files/1/0692/1981/1587/files/RLL24S66FBK_5.jpg,6
mini-around-hobo-bag-jute,,https://cdn.shopify.com/s/files/1/0692/1981/1587/files/RLL24S66FBK_6.jpg,7
mini-around-hobo-bag-jute,,https://cdn.shopify.com/s/files/1/0692/1981/1587/files/RLL24S66FBK_7.jpg,8
mini-around-hobo-bag-jute,,https://cdn.shopify.com/s/files/1/0692/1981/1587/files/RLL24S66FBK_8.jpg,9
mini-around-hobo-bag-jute,,https://cdn.shopify.com/s/files/1/0692/1981/1587/files/RLL24S66FBK_9.jpg,10
mini-around-hobo-bag-jute,,https://cdn.shopify.com/s/files/1/0692/1981/1587/files/RLL24S66FBK_10.jpg,11
mini-around-hobo-bag-jute,,https://cdn.shopify.com/s/files/1/0692/1981/1587/files/RLL24S66FBK_11.jpg,12
mini-around-hobo-bag-jute,,https://cdn.shopify.com/s/files/1/0692/1981/1587/files/RLL24S66FBK_12.jpg,13
mini-around-hobo-bag-jute,,https://cdn.shopify.com/s/files/1/0692/1981/1587/files/RLL24S66FBK_13.jpg,14
mini-around-hobo-bag-jute,,https://cdn.shopify.com/s/files/1/0692/1981/1587/files/RLL24S66FBK_14.jpg,15
mini-around-hobo-bag-jute,,https://cdn.shopify.com/s/files/1/0692/1981/1587/files/RLL24S66FCT_0.jpg,16
mini-around-hobo-bag-jute,,https://cdn.shopify.com/s/files/1/0692/1981/1587/files/RLL24S66FCT_1.jpg,17
mini-around-hobo-bag-jute,,https://cdn.shopify.com/s/files/1/0692/1981/1587/files/RLL24S66FCT_2.jpg,18
mini-around-hobo-bag-jute,,https://cdn.shopify.com/s/files/1/0692/1981/1587/files/RLL24S66FCT_3.jpg,19
mini-around-hobo-bag-jute,,https://cdn.shopify.com/s/files/1/0692/1981/1587/files/RLL24S66FCT_4.jpg,20
mini-around-hobo-bag-jute,,https://cdn.shopify.com/s/files/1/0692/1981/1587/files/RLL24S66FCT_5.jpg,21
mini-around-hobo-bag-jute,,https://cdn.shopify.com/s/files/1/0692/1981/1587/files/RLL24S66FCT_6.jpg,22
mini-around-hobo-bag-jute,,https://cdn.shopify.com/s/files/1/0692/1981/1587/files/RLL24S66FCT_7.jpg,23
mini-around-hobo-bag-jute,,https://cdn.shopify.com/s/files/1/0692/1981/1587/files/RLL24S66FCT_8.jpg,24
mini-around-hobo-bag-jute,,https://cdn.shopify.com/s/files/1/0692/1981/1587/files/RLL24S66FCT_9.jpg,25
mini-around-hobo-bag-jute,,https://cdn.shopify.com/s/files/1/0692/1981/1587/files/RLL24S66FCT_10.jpg,26
mini-around-hobo-bag-jute,,https://cdn.shopify.com/s/files/1/0692/1981/1587/files/RLL24S66FCT_11.jpg,27
mini-around-hobo-bag-jute,,https://cdn.shopify.com/s/files/1/0692/1981/1587/files/RLL24S66FCT_12.jpg,28
mini-around-hobo-bag-jute,,https://cdn.shopify.com/s/files/1/0692/1981/1587/files/RLL24S66FCT_13.jpg,29
